"id","kob_name","companyname","premiseaddress","licenseno","licensecategoryname","licenseactive","created_at","updated_at","_source"
"337393374","Airport_Seaport - Retailer","M/S PUBLIC MEDICAL AGENCY","BLOCK-B, ROOM NO-7, 1ST FOOR,LALGOLA MAHARAJA ROAD MARKET","12824011000206","State License","Active","2024-08-28T16:43:52.129892+02:00","2024-09-18T17:13:42.951976+02:00","fssai"
"2647677","Indian Railways - Club_Canteen","M/S MM PUBLICATION CANTEEN","CANTEEN, XI/626, PB NO 226, KOTTAYAM","11318005000071","State License","Active","2023-03-31T14:13:00.161354+02:00","2024-09-18T17:57:06.610539+02:00","fssai"
"257904919","Airport_Seaport - Distributor","V ENTERPRISES/ VEERENDRA KUMAR  S GROUND FLOOR 225/223/13/1/13/2/A1 SRI KRISHNA KRUPA MARALUBAGILU MAIN ROAD SHREENIKETHAN PUBLIC SCHOOL MARALABAGILU MARALABAGAL ROAD DEVANAHALLI BANGALORE RURAL","GROUND FLOOR 225/223/13/1/13/2/A1 SRI KRISHNA KRUPA MARALUBAGILU MAIN ROAD SHREENIKETHAN PUBLIC SCHOOL MARALABAGILU MARALBAGAL ROAD DEVANAHALLI BANGALORE RURAL","11224303000371","State License","Active","2024-06-26T19:13:14.734825+02:00","2024-09-18T17:28:07.393589+02:00","fssai"
"68821","Konkan Railway - Club_Canteen","PARK PUBLIC SCHOOL","VINAYAGA GARDENS,PERIYAPATTI,NAMAKKAL","12423014000211","State License","Active","2023-03-31T22:55:56.572203+02:00","2024-09-18T19:19:55.986674+02:00","fssai"
"666481","Food Services - Club_Canteen","CANTEEN EMERALD VALLEY PUBLIC SCHOOL","YERCAUD FOOT HILLS KONDAPPANAICKENPATTY SALEM-8","12418018002137","State License","Active","2023-03-27T04:23:23.938038+02:00","2024-09-18T16:13:15.140925+02:00","fssai"
"339220471","Central Govt Agencies - Wholesaler","M/S PUBLIC MEDICAL AGENCY","BLOCK-B, ROOM NO-7, 1ST FOOR,LALGOLA MAHARAJA ROAD MARKET","12824011000206","State License","Active","2024-08-28T17:40:46.849592+02:00","2024-09-18T18:24:28.2525+02:00","fssai"
"370034230","Manufacturer -  General Manufacturing","FRAZLEY FERNANDES / PUBLIC FAST FOOD BAKERY AND PASTRY (FOOD ITEMS)","H.NO.16/A CACNAMODDI CUNCOLIM","20624006000158","Registration","Active","2024-11-06T13:05:46.475039+01:00","2025-01-28T05:50:44.238034+01:00","fssai"
"116077","Konkan Railway - Food Vending Establishment","Daffodils Public School","Daffodils Public School, Lohia Talab","12718042000078","State License","Active","2023-03-31T18:57:03.667267+02:00","2024-09-18T19:36:35.969814+02:00","fssai"
"353683596","Food Services - Club_Canteen","THE HYDERABAD PUBLIC SCHOOL,BEGUMPET","1-11-87&88,SP ROAD,BEGUMPET","13624014000773","State License","Active","2024-09-11T15:46:32.889041+02:00","2024-09-18T16:14:19.99511+02:00","fssai"
"79200","Konkan Railway - Club_Canteen","SATYA PRAKASH PUBLIC SCHOOL","POLIPATHAR, JABALPUR","11421170000249","State License","Active","2023-03-31T22:55:14.735944+02:00","2024-09-18T19:19:50.48795+02:00","fssai"
"344439429","Food Services - Restaurants","M/S THE PUBLIC HOUSE CAFE & HOOKAH LOUNGE","G-4, GROUND FLOOR, ANGEL MEGA MALL, KAUSHAMBI GHAZIABAD","12724052000711","State License","Active","2024-09-04T16:31:40.878054+02:00","2024-09-18T16:04:54.420236+02:00","fssai"
"81364","Trade_Retail - Storage (Cold _ Refrigerated)","OASIS PUBLICITY","222, INDALGANJ, MOHIBULLAPUR, SITAPUR ROAD, LUCKNOW","12719066001015","State License","Active","2023-03-15T23:25:43.990622+01:00","2024-11-06T15:10:14.797461+01:00","fssai"
"130892","Konkan Railway - Club_Canteen","BISHNUPUR PUBLIC INSTITUTE OF ENGINEERING (POLY TECHNIC)","SIROMONIPUR,BISHNUPUR,BANKURA","12822029000030","State License","Active","2023-03-31T22:53:41.05328+02:00","2024-09-18T19:19:58.845589+02:00","fssai"
"139672","Konkan Railway - Club_Canteen","INDORE PUBLIC SCHOOL","AB ROAD HUKMAKHEDI RAJENDRA NAGAR,INDORE","11422850001005","State License","Active","2023-03-31T22:54:44.048146+02:00","2024-09-18T19:19:33.875448+02:00","fssai"
"177532","Central Govt Agencies - Retailer","SRISHTI - A PUBLIC CHARITABLE TRUST","Srishti Public Charitable Trust,Kurinji Cafe &Bakery outlet,Moolakkadai Junction,Munnar","11317006000082","State License","Active","2023-03-31T21:31:22.942347+02:00","2024-09-18T19:03:31.173647+02:00","fssai"
"172500","Food Services - Food Vending Establishment","CHETTINAD PUBLIC SCHOOL","70E, MADURAI MAIN ROAD, MANAGIRI,KALLAL BLOCK","12415019000138","State License","Active","2023-03-26T19:22:09.401011+02:00","2024-09-18T16:10:23.938859+02:00","fssai"
"259019","Indian Railways - Club_Canteen","CRESCENT CASTLE PUBLIC SCHOOL","D.NO-59/B1,COONOOR ROAD, UDHAGAMANDALAM.","12422021000440","State License","Active","2023-03-31T14:12:35.296698+02:00","2024-09-18T17:57:18.948869+02:00","fssai"
"1217783","Konkan Railway - Caterer","SHREE SWAMI SAMARTH VIDYANIKETAN SANCHALIT K R PUBLIC SCHOOL","SARVE NO. 402/2/115B/114B/116, PRATIBHA NAGAR, CHAOUPALE SHIVAR, DHULE ROAD, NANDURBAR TAL-DIST-NANDURBAR 425412 (7755909354)","11519030000039","State License","Active","2023-03-31T22:35:16.15491+02:00","2024-09-18T19:17:29.809669+02:00","fssai"
"5723218","Konkan Railway - Club_Canteen","Delhi Public School ( A Unit Of Jagran Social Welfare Society)","DPS Kolar Road Bhopal Campus, Bairagarh Chichli Kolar Road Bhopal","11419010000396","State License","Active","2023-03-31T22:50:47.178428+02:00","2024-09-18T19:20:07.509932+02:00","fssai"
"353434019","Food Services - Restaurants","M/S. HOTEL PUBLIC HOUSE RESTAURANT. PROP. M/R.SHRIKANT RAMCHANDRA SURYAWANSHI.","AT. MALMATTA NO. 1371, GADEGAON TAH-LAKHANI","11524058000106","State License","Active","2024-09-11T15:38:43.144784+02:00","2024-09-18T16:04:47.575137+02:00","fssai"
"188134","Indian Railways - Club_Canteen","SATYA PRAKASH PUBLIC SCHOOL","POLIPATHAR, JABALPUR","11421170000249","State License","Active","2023-03-31T14:12:31.540161+02:00","2024-09-18T17:57:22.204551+02:00","fssai"
"200169","Food Services - Club_Canteen","THE INDIAN PUBLIC SCHOOL","SF.NO.118, 30, KARAIPUDUR VILLAGE,ARULPURAM,PALLADAM (TK)","12417027000633","State License","Active","2023-03-27T07:58:42.497491+02:00","2024-09-18T16:13:46.90277+02:00","fssai"
"287278609","Konkan Railway - Club_Canteen","M/S. DELHI PUBLIC SCHOOL GAYA","DUBHAL, PO- CHAND CHAURA, PS- MAGADH MEDICAL","10424200000143","State License","Active","2024-07-17T18:19:46.971571+02:00","2024-09-18T19:20:04.516957+02:00","fssai"
"217738","Food Services - Club_Canteen","ORIENTAL PUBLIC SCHOOL ","AT-TEGHARI KISHANGANJ ","10423370000021","State License","Active","2023-03-27T08:48:48.941869+02:00","2024-09-18T16:13:54.436494+02:00","fssai"
"331808155","Konkan Railway - Club_Canteen","M/s SHIVANI PUBLIC SCHOOL, GIRIGANI RAHUL VARMA","GIRIGANI RAHUL VARMA, SHIVANI PUBLIC SCHOOL, LAKNEPALLY, NARSAMPET, WARANGAL, 506330","13624004000191","State License","Active","2024-08-21T18:29:53.891648+02:00","2024-09-18T19:20:07.509932+02:00","fssai"
"145346887","Airport_Seaport - Retailer","SRI CHIDRUPA PRODUCTS SERVICES PUBLICATIONS PRIVATE LIMITED","H NO 2-1-563/14, OPP TO SHANKERMUTT, TEMPLE ,NALLAKUNTA ,","13624999000175","Central License","Active","2024-03-27T16:38:05.624172+01:00","2024-09-18T17:10:37.944621+02:00","fssai"
"219954","Indian Railways - Club_Canteen","BISHNUPUR PUBLIC INSTITUTE OF MEDICAL SCIENCE HOSPITAL UNIT- I","VILL-SIROMONIPUR,P.O.+P.S.-BISHNUPUR,DIST-BANKURA","12823029000058","State License","Active","2023-06-01T23:08:18.356664+02:00","2024-09-18T17:57:33.043709+02:00","fssai"
"402930","Konkan Railway - Club_Canteen","AVATAR MEHER BABA PERPETUAL PUBLIC CHARITABLE TRUST","GAT NO 477 ,Arangaon, Meherabad","11523032000151","State License","Active","2023-05-31T05:43:42.357648+02:00","2024-09-18T19:19:57.895774+02:00","fssai"
"114727636","Konkan Railway - Club_Canteen","SREE GOKULAM PUBLIC SCHOOL MESS","SREE GOKULM PUBLIC SCHOOL MESS,NEAR VALAYANAD DEVI TEMPLE,KOMMERI(PO)","11324011000345","State License","Active","2024-02-28T18:31:43.104255+01:00","2024-09-18T19:19:52.89051+02:00","fssai"
"284847","Indian Railways - Caterer","STANDARD PUBLIC SCHOOL (A UNIT OF SHUBH LAXMI EDUCATIONAL SOCIETY)","KHANDWA ROAD OPP. BILAWALI TANK INDORE","11414850003031","State License","Active","2023-03-31T18:12:06.54811+02:00","2024-09-18T17:33:14.445671+02:00","fssai"
"270275","Konkan Railway - Club_Canteen","DELHI PUBLIC SCHOOL (A UNIT OFJAGRAN SOCIAL WELFARE SOCIETY)","NEAR NEELBAD CROSSING BHADBHADA ROAD BHOPAL","11419010000397","State License","Active","2023-03-31T22:50:47.188417+02:00","2024-09-18T19:19:57.58352+02:00","fssai"
"350110037","Konkan Railway - Restaurants","M/S THE PUBLIC HOUSE CAFE & HOOKAH LOUNGE","G-4, GROUND FLOOR, ANGEL MEGA MALL, KAUSHAMBI GHAZIABAD","12724052000711","State License","Active","2024-09-04T20:48:11.534484+02:00","2024-09-18T19:32:51.214145+02:00","fssai"
"281386","Food Services - Club_Canteen","Dalhousie Public School Educational Society","Dalhousie Public School Siswaan, ","12122801000253","State License","Active","2023-03-27T07:17:38.323674+02:00","2024-09-18T16:13:43.240835+02:00","fssai"
"145348319","Airport_Seaport - Retailer","M/S SHIKHAR PUBLIC SERVICES","851MIN RAJENDRA NAGAR NEAR NAVEEN SABJI MANDI NAWABGANJ","12724022000042","State License","Active","2024-03-27T16:38:07.146148+01:00","2024-09-18T17:10:40.341732+02:00","fssai"
"6026250","Konkan Railway - Caterer","VILE PARLE MEDICAL CLUB PUBLIC HEALTH TRUST","VILE PARLE MEDICAL CLUB PUBLIC HEALTH TRUST, SANT DYANESHWAR ROAD, NEAR PVR CHANDAN CINEMA, JUHU, VILE PARLE (W), MUMBAI-400049","11519006000596","State License","Active","2023-03-31T22:36:16.300678+02:00","2024-09-18T19:17:53.045371+02:00","fssai"
"384163","Trade_Retail - Retailer","ADWALL OUTDOOR PUBLICITY ","1ST FLOOR,SHOP NO- 141, CRYSTAL COMPLEX, M G ROAD, CHITAKHANA CHOWK, JUNAGADH","10721999001226","Central License","Active","2023-03-31T13:16:04.485168+02:00","2024-11-06T15:59:36.926844+01:00","fssai"
"88527","Konkan Railway - Club_Canteen","BISHNUPUR PUBLIC INSTITUTE OF MEDICAL SCIENCE HOSPITAL UNIT- I","VILL-SIROMONIPUR,P.O.+P.S.-BISHNUPUR,DIST-BANKURA","12823029000058","State License","Active","2023-06-02T05:04:34.643319+02:00","2024-09-18T19:20:01.455346+02:00","fssai"
"143100202","Trade_Retail - Retailer","SRI CHIDRUPA PRODUCTS SERVICES PUBLICATIONS PRIVATE LIMITED","H NO 2-1-563/14, OPP TO SHANKERMUTT, TEMPLE ,NALLAKUNTA ,","13624999000175","Central License","Active","2024-03-27T15:28:48.533098+01:00","2024-11-06T16:06:53.321099+01:00","fssai"
"259309567","Central Govt Agencies - Wholesaler","V ENTERPRISES/ VEERENDRA KUMAR  S GROUND FLOOR 225/223/13/1/13/2/A1 SRI KRISHNA KRUPA MARALUBAGILU MAIN ROAD SHREENIKETHAN PUBLIC SCHOOL MARALABAGILU MARALABAGAL ROAD DEVANAHALLI BANGALORE RURAL","GROUND FLOOR 225/223/13/1/13/2/A1 SRI KRISHNA KRUPA MARALUBAGILU MAIN ROAD SHREENIKETHAN PUBLIC SCHOOL MARALABAGILU MARALBAGAL ROAD DEVANAHALLI BANGALORE RURAL","11224303000371","State License","Active","2024-06-26T20:03:25.740187+02:00","2024-09-18T18:23:44.552671+02:00","fssai"
"123545798","Konkan Railway - Food Vending Establishment","M/S.PURTI PUBLIC SCHOOL NIVASI SHALA VASTIGRUH","NEAR VAISHNAVI PETROL PUMP, AT. TA. SALEKASA","11524065000063","State License","Active","2024-03-06T18:35:42.731808+01:00","2024-09-18T19:36:10.407384+02:00","fssai"
"6577406","Trade_Retail - Retailer","M/s PUBLIC MEDICAL STORE Proprietor Khalid Mirza S/o Sri Mohammad Mirza ","Ashfaqullah Colony Subhash Nagar Faizabad Ayodhya 224001","12723020000070","State License","Active","2023-03-31T13:54:26.643251+02:00","2024-11-06T16:06:42.940799+01:00","fssai"
"379537","Food Services - Restaurants","GLOBE PHARMA PUBLICATIONS PRIVATE LIMTED (CHICAGO PIZZA)","SHOP NO 6 & 7, NEW SHANTI VAN CHSL., PLOT NO 70, NEW LINK ROAD, ANDHERI WEST,  ","11521006000176","State License","Active","2023-03-20T20:05:13.635511+01:00","2024-09-18T16:00:58.685922+02:00","fssai"
"418653","Konkan Railway - Club_Canteen","CHENNAI PUBLIC SCHOOL (KUPIDISAATHAM NARAYANASWAMI EDUCATIONAL TRUST)","T.V.S.AVENUE MAIN ROAD,ANNA NAGAR WEST EXTN,CHENNAI-101","12418023000804","State License","Active","2023-03-31T22:47:45.855712+02:00","2024-09-18T19:20:04.516957+02:00","fssai"
"483194","Konkan Railway - Club_Canteen","HOSUR PUBLIC SCHOOL","RAYAKOTTAI HIGHWAYS, KARAPALLI, HOSUR.","12422011000579","State License","Active","2023-03-31T22:54:31.758891+02:00","2024-09-18T19:20:06.285907+02:00","fssai"
"6038345","Food Services - Club_Canteen","SHRI GURUDATTA SHIKSHAN SANTHA SANCHLIT MA SHARAD PAWAR PUBLIC SCHOOL VASTIGRUH & MESS ","CANTEEN PREMICES OF SHRI GURUDATTA SHIIKSHAN SANSTHA GAT NO.- 181 , 220/1/2 , 274/1/A/B, 275 , DATTA BHUMI , AT - MANUR , POST - KALWAN , TALUKA -KALWAN , DIST.- NASHIK","11523029000354","State License","Active","2023-08-12T21:18:00.581681+02:00","2024-09-18T16:14:18.639185+02:00","fssai"
"448963","Konkan Railway - Food Vending Establishment","SLOPELAND PUBLIC SCHOOL","SALT VILLAGE, KHONGJOM","11621007000008","State License","Active","2023-03-31T18:59:54.237752+02:00","2024-09-18T19:35:21.948542+02:00","fssai"
"464337","Konkan Railway - Club_Canteen","THE INDIAN PUBLIC SCHOOL PVT LTD`","PLOT NO.44&53, DEVELOPED PLOTS, INDUSTRIAL ESTATE, PERUNGUDI","12421008003698","State License","Active","2023-03-31T22:53:52.351395+02:00","2024-09-18T19:19:59.874538+02:00","fssai"
"48200229","Konkan Railway - Club_Canteen","JAYANTHI PUBLIC SENIOR SECONDARY SCHOOL","SF.NO. 66/2A, JAYANTHI GARDEN, ARULPURAM, KARAIPUDUR VILLAGE, PALLADAM (TK), TIRUPUR","12423027001288","State License","Active","2024-01-03T18:53:52.029084+01:00","2024-09-18T19:19:48.587198+02:00","fssai"
"438452","Konkan Railway - Club_Canteen","INDIAN PUBLIC SCHOOL PVT.LTD","193, SATHY ROAD, S.S.KULAM (PO), COIMBATORE 641107","12421003000514","State License","Active","2023-03-31T22:53:17.251012+02:00","2024-09-18T19:19:28.417517+02:00","fssai"
"97960932","Konkan Railway - Club_Canteen","M E T PUBLIC SCHOOL ","M E T PUBLIC SCHOOL , KALLACHI(PO), NADAPURAM, VATAKARA","11324011000209","State License","Active","2024-02-14T18:36:20.571118+01:00","2024-09-18T19:19:50.783811+02:00","fssai"
"143101633","Trade_Retail - Retailer","M/S SHIKHAR PUBLIC SERVICES","851MIN RAJENDRA NAGAR NEAR NAVEEN SABJI MANDI NAWABGANJ","12724022000042","State License","Active","2024-03-27T15:28:49.856382+01:00","2024-11-06T16:06:56.372672+01:00","fssai"
"490861","Food Services - Club_Canteen","LUCKNOW PUBLIC SCHOOL MESS AND CANTEEN","L R P CHAURAHA GOLA ROAD LAKHIMPUR","12718068000118","State License","Active","2023-03-27T05:16:30.795911+02:00","2024-09-18T16:13:54.436494+02:00","fssai"
"489051","Indian Railways - Club_Canteen","K M C PUBLIC SENIOR SECONDARY SCHOOL","TIRUPPUR ROAD, PERUMANALLUR, TIRUPPUR","12422027001366","State License","Active","2023-03-31T14:11:37.628398+02:00","2024-09-18T17:57:16.522896+02:00","fssai"
"335563376","Food Services - Mid-Day meal - Canteen","RAVINDRA PUBLIC SCHOOL SANSTHAN JHUNJHUNU","WARD NO 11, KISSAN COLONY","12224031000180","State License","Active","2024-08-28T15:47:37.774773+02:00","2024-09-18T16:08:55.491725+02:00","fssai"
"528978","Food Services - Club_Canteen","NATIONAL PUBLIC SCHOOL /NOBLE FRIENDS FOUNDATION","AIRPORT ROAD OPPOSITE BIJASAN TEMPLE","11423850000960","State License","Active","2023-09-23T15:37:54.414552+02:00","2024-09-18T16:14:13.631751+02:00","fssai"
"177876780","Food Services - Club_Canteen","Bhandari Public School","Bhandari Public School, Sihada Road","11424950000075","State License","Active","2024-04-24T15:56:10.033959+02:00","2024-09-18T16:14:08.51584+02:00","fssai"
"572088","Indian Railways - Club_Canteen","Gedee Public School","634/2, Eachanari - Chettipalayam Road, Eachanari PO (B.O), Coimbatore - 641021","12418003001363","State License","Active","2023-03-31T14:12:39.367437+02:00","2024-09-18T17:57:05.333232+02:00","fssai"
"299862673","Food Services - Mid-Day meal - Canteen","THE HYDERABAD PUBLIC SCHOOL, KADAPA ( M.M.A . FIAZ KHAN)","Opp. RIMS, PUTTAMPALLI","10124011000177","State License","Active","2024-07-31T15:46:45.442551+02:00","2024-09-18T16:08:55.076261+02:00","fssai"
"596036","Konkan Railway - Club_Canteen","BRINDAVAN PUBLIC SCHOOL","D.NO-90 A&B, WELLIGTON BAZAAR POST, COONOOR.","12422021000204","State License","Active","2023-03-31T22:53:43.550886+02:00","2024-09-18T19:19:59.123806+02:00","fssai"
"7519190","Trade_Retail - Retailer","M/S BANARASI DAS PRAMOD KUMAR PROP- PRAMOD KUMAR JAIN S/O BANARASI DAS JAIN R/O NEAR HOLY PUBLIC SCHOOL SIKANDRA AGRA","NEAR FCI GODOWN G T ROAD ETAH","12721059000007","State License","Active","2023-03-31T13:32:52.871201+02:00","2024-11-06T16:00:25.693766+01:00","fssai"
"605577","Food Services - Caterer","STANDARD PUBLIC SCHOOL (A UNIT OF SHUBH LAXMI EDUCATIONAL SOCIETY)","KHANDWA ROAD OPP. BILAWALI TANK INDORE","11414850003031","State License","Active","2023-03-26T15:35:25.127259+02:00","2024-09-18T16:08:43.23455+02:00","fssai"
"3397357","Airport_Seaport - Wholesaler","M/s S.M Traders(Prop Sahil Mahajan S/o Sh Parveen Kumar Gupta R/o 125, Lane 10, Adarsh Vihar, Near Jodhamal Public School, Sainik Colony)","Ext 24-A Nehru Market","11022150000424","State License","Active","2023-03-31T12:28:46.667025+02:00","2024-09-18T16:29:10.757808+02:00","fssai"
"7685400","Central Govt Agencies - Retailer","MS. CHETNA SAHAY / COEVAL PUBLICATIONS PRIVATE LIMITED (ICE-CREAM PARLOR)","SHOP NO.16 SHREE RAMKRISHNA CO-OPERATIVE HOUSING SOCIETY LIMITED, SITUATED ON PLOT NO-46/47 AT SECTOR-40, SEAWOODS-WEST, NERUL, NAVI MUMBAI, 400706","11519017000038","State License","Active","2023-03-31T21:22:31.464981+02:00","2024-09-18T19:02:47.166464+02:00","fssai"
"643015","Trade_Retail - Retailer","LOVI ADVERTISING & PUBLICITY PRIVATE LIMITED","SHOP NO-GROUND FLOOR-55, NORTH GATE MALL, ORBIT PLAZA, GUJRANWALA TOWN NEW DELHI","13315002000659","State License","Active","2023-03-31T11:37:44.223395+02:00","2024-11-06T15:53:19.191049+01:00","fssai"
"633056","Konkan Railway - Food Vending Establishment","BHASHYAM PUBLIC SCHOOL - BHASHYAM  RAMA  KRISHNA","Asst. No1021137176, Gorantla, Guntur","10121007000072","State License","Active","2023-03-31T19:06:09.572043+02:00","2024-09-18T19:35:45.471227+02:00","fssai"
"637335","Trade_Retail - Retailer","BRIJ PUBLICITY & ADVERTISING PVT.LTD.","GF-110,111,170,171, South Court Mall, Saket","13315008000567","State License","Active","2023-03-31T11:37:38.551881+02:00","2024-11-06T15:53:18.53274+01:00","fssai"
"4837583","Indian Railways - Food Vending Establishment","BHASHYAM PUBLIC SCHOOL - BHASHYAM  RAMA  KRISHNA","Asst. No1021137176, Gorantla, Guntur","10121007000072","State License","Active","2023-03-31T14:02:04.892141+02:00","2024-09-18T17:40:16.519955+02:00","fssai"
"169884","Food Services - Caterer","VILE PARLE MEDICAL CLUB PUBLIC HEALTH TRUST","VILE PARLE MEDICAL CLUB PUBLIC HEALTH TRUST, SANT DYANESHWAR ROAD, NEAR PVR CHANDAN CINEMA, JUHU, VILE PARLE (W), MUMBAI-400049","11519006000596","State License","Active","2023-03-26T10:49:42.80928+02:00","2024-09-18T16:08:42.711494+02:00","fssai"
"670915","Manufacturer -  General Manufacturing","V5 PUBLICATIONS PRIVATE LIMITED ","No.17 B-2, 17 B-3, 17 B-4 WARD No.4, YELAHANAKA NEW TOWN , BANGALORE","11222331001662","State License","Active","2023-03-18T03:27:35.232856+01:00","2023-04-08T18:28:55.535054+02:00","fssai"
"681750","Airport_Seaport - Retailer","M/S PADMAVATI AGENCIES PROP- PRASHANT JAIN S/O PRAMOD KUMAR JAIN R/O NEAR HOLY PUBLIC SCHOOL SIKANDRA AGRA","NEAR FCI GODOWN G T ROAD ETAH","12721059000008","State License","Active","2023-03-31T15:37:08.913312+02:00","2024-09-18T17:05:40.833414+02:00","fssai"
"717921","Food Services - Caterer","HOSUR PUBLIC SCHOOL","RAYAKOTTAI HIGHWAYS, KARAPALLI, HOSUR.","12422011000579","State License","Active","2023-03-26T16:10:11.286413+02:00","2024-09-18T16:08:40.553417+02:00","fssai"
"754964","Indian Railways - Restaurants","THE PUBLIC HOUSE ","MAHADEV COMMERCIAL COMPLEX LOWER GROUND  FLOOR OPP. BOARD OFFICE SHIVAJI NAGAR LINK ROAD 1 BHOPAL MP","11422010000197","State License","Active","2023-03-31T15:18:41.990789+02:00","2024-09-18T17:51:22.876945+02:00","fssai"
"358782432","Konkan Railway - Club_Canteen","THE HYDERABAD PUBLIC SCHOOL,BEGUMPET","1-11-87&88,SP ROAD,BEGUMPET","13624014000773","State License","Active","2024-09-11T18:13:33.97772+02:00","2024-09-18T19:20:08.996016+02:00","fssai"
"757686","Konkan Railway - Club_Canteen","INDIAN PUBLIC SCHOOL PRIVATE LIMITED","PLOT NO. 23& 24, PEERANCHERUVU, RANGAREDDY ","13623010000725","State License","Active","2023-09-27T18:07:08.014767+02:00","2024-09-18T19:19:43.445043+02:00","fssai"
"423823","Food Services - Club_Canteen","AVATAR MEHER BABA PERPETUAL PUBLIC CHARITABLE TRUST","GAT NO 24/A/1, HOSTEL D BUILDING , A/P ARANGAON ,MEHERABAD  ","11523032000152","State License","Active","2023-05-11T03:25:01.983048+02:00","2024-09-18T16:14:09.328763+02:00","fssai"
"780224","Food Services - Food Vending Establishment","VETRIVIKAS PUBLIC SCHOOL HOSTEL/BALASUBRAMANIAN C","NAMAKKAL MAINROAD,RASIPURAM TOWN,RASIPURAM(TK)","12421014000191","State License","Active","2023-03-27T02:41:35.833868+02:00","2024-05-22T16:04:27.869716+02:00","fssai"
"795137","Konkan Railway - Club_Canteen","M/S MM PUBLICATION CANTEEN","CANTEEN, XI/626, PB NO 226, KOTTAYAM","11318005000071","State License","Active","2023-03-31T22:55:32.098105+02:00","2024-09-18T19:19:36.81959+02:00","fssai"
"243319792","Konkan Railway - Club_Canteen","GURU NANAK PUBLIC SCHOOL DALHOUSIE ","BUS STOP GPO ROPAD MOTI TIBA DALHOUSIE ","10924002000024","State License","Active","2024-06-12T21:27:24.55706+02:00","2024-09-18T19:19:59.874538+02:00","fssai"
"824448","Food Services - Restaurants","M/S REGENCY PUBLIC SCHOOL","BOARDING HOUSE PLACE AND MENU REGENCY PUBLIC SCHOOL REGENCY ENCLAVE RESOURA SITAPUR","12717067000044","State License","Active","2023-03-20T04:45:43.569296+01:00","2024-09-18T15:59:35.51843+02:00","fssai"
"421606","Food Services - Caterer","ASLA PUBLIC KITCHEN ","39/24-3, KOZHIKKARA STREET, PALAKAKD ","11321009000231","State License","Active","2023-03-26T13:14:58.778869+02:00","2024-09-18T16:07:34.613838+02:00","fssai"
"810723","Konkan Railway - Caterer","STANDARD PUBLIC SCHOOL (A UNIT OF SHUBH LAXMI EDUCATIONAL SOCIETY)","KHANDWA ROAD OPP. BILAWALI TANK INDORE","11414850003031","State License","Active","2023-03-31T22:43:00.600629+02:00","2024-09-18T19:17:53.526614+02:00","fssai"
"823381","Food Services - Club_Canteen","DELHI PUBLIC SCHOOL CANTEEN ","AMBAPUR, KOBA-ADALAJ LINK ROAD, NEAR KOBA CIRCLE, DIST-GANDHINAGAR","10723009000195","State License","Active","2023-09-12T15:40:37.482676+02:00","2024-09-18T16:14:19.870462+02:00","fssai"
"912703","Konkan Railway - Food Vending Establishment","BHASHYAM  PUBLIC SCHOOL - BHASHYAM  RAMA KRISHNA ","Asst. No.1021165445, Gorantla , Guntur ","10121007000075","State License","Active","2023-03-31T19:06:09.507632+02:00","2024-09-18T19:35:45.471227+02:00","fssai"
"842360","Food Services - Restaurants","THE PUBLIC HOUSE ","MAHADEV COMMERCIAL COMPLEX LOWER GROUND  FLOOR OPP. BOARD OFFICE SHIVAJI NAGAR LINK ROAD 1 BHOPAL MP","11422010000197","State License","Active","2023-03-20T20:59:46.674389+01:00","2024-09-18T16:01:04.213202+02:00","fssai"
"48200220","Konkan Railway - Club_Canteen","M/S. DELHI PUBLIC SCHOOL GAYA","DUBHAL, PO- CHAND CHAURA, PS- MAGADH MEDICAL","10423200000285","State License","Active","2024-01-03T18:53:52.029084+01:00","2024-09-18T19:19:48.587198+02:00","fssai"
"2580454","Konkan Railway - Club_Canteen","GLOBE PHARMA PUBLICATIONS PRIVATE LIMTED (CHICAGO PIZZA)","SHOP NO 6 & 7, NEW SHANTI VAN CHSL., PLOT NO 70, NEW LINK ROAD, ANDHERI WEST,  ","11521006000176","State License","Active","2023-03-31T22:53:12.073917+02:00","2024-09-18T19:19:27.829413+02:00","fssai"
"2567638","Konkan Railway - Club_Canteen","m/s new public school","sect-18b","13013001001282","State License","Active","2023-03-31T22:52:54.822623+02:00","2024-09-18T19:19:26.092864+02:00","fssai"
"5050509","Konkan Railway - Club_Canteen","THE INDIAN PUBLIC SCHOOL - CANTEEN","A.CHOCKALINGAM,SF.NO.147/2A,PILLAIYAR NATHAM,NEAR AMMAN COLLEGE,DINDIGUL","12422006001303","State License","Active","2023-03-31T22:55:09.189904+02:00","2024-09-18T19:19:35.372965+02:00","fssai"
"6535577","Konkan Railway - Club_Canteen","CHENNAI PUBLIC SCHOOL (KUPIDISAATHAM NARAYANASWAMI EDUCATIONAL TRUST)","NO.50, THIRUVALLUR HIGH ROAD,THIRUMAZHISAI,POONAMALLEE (TK),CHENNAI - 600 124.","12417023000875","State License","Active","2023-03-31T22:47:47.862557+02:00","2024-09-18T19:20:04.516957+02:00","fssai"
"1001112","Food Services - Restaurants","INDORE PUBLIC SCHOOL","AB ROAD HUKMAKHEDI RAJENDRA NAGAR,INDORE","11422850001005","State License","Active","2023-03-31T09:28:05.810663+02:00","2024-09-18T16:01:42.223901+02:00","fssai"
"1031295","Konkan Railway - Club_Canteen","THE INDIAN PUBLIC SCHOOL","CHENNIMALAI ROAD, SENAPATHYPALAYAM, GOUNDACHIPALAYAM POST, ERODE,","12421007000231","State License","Active","2023-03-31T22:52:02.365599+02:00","2024-09-18T19:19:52.464355+02:00","fssai"
"484072","Food Services - Caterer","SHRI SHANESHWAR DEVASTHAN PUBLIC TRUST ADHYAKSHA","A/P M.NO.1/28 SHINGNAPUR TAL NEWASA DIST AHMEDNAGAR","11519033000037","State License","Active","2023-03-26T09:32:26.347164+02:00","2024-09-18T16:08:16.216787+02:00","fssai"
"857060","Konkan Railway - Club_Canteen","The Indian Public School","8/3004, Fr. Abel Nagar, Edachira, Thengode (PO), Kakkanad","11323007000682","State License","Active","2023-05-31T05:41:42.496325+02:00","2024-09-18T19:20:06.410192+02:00","fssai"
"5482745","Airport_Seaport - Retailer","M/S SINGH AGENCIES PRO. NISHA SINGH W/O DHARMENDRA SINGH JPS PUBLIC SCHOOL WORD NO.20 848/KHA NEW RANA NAGAR RAEBARELI 229001","PRO. NISHA SINGH W/O DHARMENDRA SINGH  JPS PUBLIC SCHOOL WORD NO.20 848/KHA NEW RANA NAGAR RAEBARELI","12722071000292","State License","Active","2023-03-31T15:56:21.719741+02:00","2024-09-18T17:10:23.162353+02:00","fssai"
"749245","Food Services - Caterer","SHRI SHANESHWAR DEVASTHAN PUBLIC TRUST ADHYAKSHA","A/P M.NO.1/28 SHINGNAPUR TAL NEWASA DIST AHMEDNAGAR","11519033000036","State License","Active","2023-03-26T09:32:26.338989+02:00","2024-09-18T16:08:16.949289+02:00","fssai"
"243318138","Konkan Railway - Club_Canteen","SPRING MOUNT PUBLIC SCHOOL ","NO.514/2 & 3, PUDUPALAYAM VILLAGE, MANGALAM ROAD, VANJIPALAYAM","12424027000534","State License","Active","2024-06-12T21:27:22.762778+02:00","2024-09-18T19:19:57.043345+02:00","fssai"
"1015501","Konkan Railway - Club_Canteen","Delhi Public School (A Unit of Jagran Social Welfare Society)","Agra - Mumbai Haighway Behind Silicon velly Near rau","11419850000485","State License","Active","2023-03-31T22:50:44.298496+02:00","2024-09-18T19:20:00.022402+02:00","fssai"
"1164304","Food Services - Club_Canteen","INDIAN PUBLIC SCHOOL PRIVATE LIMITED","PLOT NO. 23& 24, PEERANCHERUVU, RANGAREDDY ","13623010000725","State License","Active","2023-09-27T15:46:33.39337+02:00","2024-09-18T16:13:55.647791+02:00","fssai"
"1139907","Indian Railways - Club_Canteen","DELHI PUBLIC SCHOOL (A UNIT OFJAGRAN SOCIAL WELFARE SOCIETY)","NEAR NEELBAD CROSSING BHADBHADA ROAD BHOPAL","11419010000397","State License","Active","2023-03-31T14:05:23.673537+02:00","2024-09-18T17:57:29.183909+02:00","fssai"
"261247683","Konkan Railway - Food Vending Establishment","WARDEN. AKSHARA INTERNATIONAL PUBLIC SCHOOL.","HOSTEL  KOWDLE , MADDUR TALUK, MANDYA DISTRICT.","11224322000256","State License","Active","2024-06-26T21:04:58.40114+02:00","2024-09-18T19:36:29.335127+02:00","fssai"
"486230","Konkan Railway - Club_Canteen","K M C PUBLIC SENIOR SECONDARY SCHOOL","TIRUPPUR ROAD, PERUMANALLUR, TIRUPPUR","12422027001366","State License","Active","2023-03-31T22:54:40.474559+02:00","2024-09-18T19:19:45.221418+02:00","fssai"
"1131981","Food Services - Food Vending Establishment","SHREE VAISHNAV SEVA SAMAJ PUBLIC CHARITABLE TRUST (VASH)","PLOT NO-59-D, SHREE GOVARDHAN NATHJI HAVELI MARG, SECTOR-29, VASHI, NAVI MUMBAI","11523017000271","State License","Active","2023-11-08T15:23:40.329551+01:00","2024-09-18T16:11:36.2897+02:00","fssai"
"370087197","Manufacturer -  General Manufacturing","M/S- RAZIA PUBLIC BAKERY, PRO- MOHAMMAD SALIM  S/O ANJUM KHAN","PATHAN TOLA BILARIYAGANJ","22720171000219","Registration","Active","2024-11-06T13:06:30.455519+01:00","2025-01-28T05:51:30.695272+01:00","fssai"
"81288794","Konkan Railway - Club_Canteen","THE INDIAN PUBLIC SCHOOL","SURVEY NO. 309, 310 & 312, VATTINAGULAPALLY, GANDIPET, RANGAREDDY","13624010000072","State License","Active","2024-01-31T18:05:06.846948+01:00","2024-09-18T19:19:50.648337+02:00","fssai"
"225906728","Konkan Railway - Club_Canteen","VETRI VIKAAS PUBLIC SCHOOL HOSTEL","NAMAKKAL MAIN ROAD, RASIPURAM ","12421014000191","State License","Active","2024-05-29T20:17:06.715303+02:00","2024-09-18T19:20:01.17331+02:00","fssai"
"1220323","Food Services - Club_Canteen","The Indian Public School","8/3004, Fr. Abel Nagar, Edachira, Thengode (PO), Kakkanad","11323007000682","State License","Active","2023-05-30T21:04:06.986881+02:00","2024-09-18T16:14:17.177856+02:00","fssai"
"1232088","Indian Railways - Food Vending Establishment","BHASHYAM  PUBLIC SCHOOL - BHASHYAM  RAMA KRISHNA ","Asst. No.1021165445, Gorantla , Guntur ","10121007000075","State License","Active","2023-03-31T14:02:04.801927+02:00","2024-09-18T17:40:16.519955+02:00","fssai"
"1412568","Konkan Railway - Food Vending Establishment","GODAVARI MANAR PUBLIC SCHOOL AND JUNIOR COLLEGE - PANDEY DURGAPRASAD RAMCHANDRA (Principal)","H.NO. 450 SHANKAR NAGAR TQ. BILOLI DIST. NANDED-431736","11522076000140","State License","Active","2023-03-31T19:05:31.714373+02:00","2024-09-18T19:35:42.187675+02:00","fssai"
"4139617","Konkan Railway - Club_Canteen","SKL PUBLIC MATRICULATION HIGHER SECONDARY SCHOOL / RADHAMANI. G","SKL PUBLIC MATRICULATION HIGHER SECONDARY SCHOOL,MAIN ROAD, PATCHAM PALAYAM, AVINASHI TK, TIRUPUR DT","12422027001359","State License","Active","2023-03-31T22:54:43.924119+02:00","2024-09-18T19:20:09.583756+02:00","fssai"
"1371806","Food Services - Mid-Day meal - Canteen","SAGAR PUBLIC SCHOOL ROHIT NAGAR","SAGAR PUBLIC SCHOOL ROHIT NAGAR BAWADIYA KALAN","11423010000012","State License","Active","2023-03-26T18:04:30.335794+02:00","2024-09-18T16:08:53.709959+02:00","fssai"
"2325936","Indian Railways - Club_Canteen","Delhi Public School (A Unit of Jagran Social Welfare Society)","Agra - Mumbai Haighway Behind Silicon velly Near rau","11419850000485","State License","Active","2023-03-31T14:05:18.131067+02:00","2024-09-18T17:57:32.007582+02:00","fssai"
"1424897","Konkan Railway - Food Vending Establishment","BHASHYAM  PUBLIC SCHOOL  - BHASHYAM RAMA KRISHNA ","Asst. No.1021136756, D.No.11-945/9, Gorantla, Guntur","10121007000076","State License","Active","2023-03-31T19:06:09.535009+02:00","2024-09-18T19:35:45.471227+02:00","fssai"
"7263521","Airport_Seaport - Distributor","M/s- SUREKA PUBLICATIONS PVT. LTD., Mr. Nreepen Das (Director)","Gorolia, Near Sarusajai Stadium, N.H.-37, P.O.- Sawkuchi, P.S.- Basistha, Guwahati-781034","10320001000378","State License","Active","2023-03-31T16:48:45.678056+02:00","2024-09-18T17:22:32.102276+02:00","fssai"
"336304535","Airport_Seaport - Wholesaler","M/S PUBLIC MEDICAL AGENCY","BLOCK-B, ROOM NO-7, 1ST FOOR,LALGOLA MAHARAJA ROAD MARKET","12824011000206","State License","Active","2024-08-28T16:10:17.51435+02:00","2024-09-18T16:35:28.636869+02:00","fssai"
"370095593","Manufacturer -  General Manufacturing","DEVIN MANNA FOODS (MANJULA BAI, POPCORN MANUFACTURERS, NEAR PUBLIC SCHOOL, ASHRAYA COLONY, NJ KOTTE","NEAR PUBLIC SCHOOL, ASHRAYA COLONY, N J KOTTIGE, HIRIYUR TALUK","21224061000859","Registration","Active","2024-11-06T13:06:37.626146+01:00","2025-01-28T05:51:38.087183+01:00","fssai"
"8049857","Indian Railways - Restaurants","PATEL PARBHUDAS KISHORDAS BIDIWALA PUBLIC TRUST SANCHALIT REVA-PRABHU SADAN","TRUSTEES OF.KIRTIKUMAR P PATEL, PATEL ASHOKKUMAR P,PATEL DHRUVKUMAR J,PATEL AMRISHKUMAR J,MI NO.101593/100554/100555/100556,DANTA ROAD,AMBAJI TA.DANTA DIST.BANASKANTHA","10718005000024","State License","Active","2023-03-31T15:20:37.951553+02:00","2024-09-18T17:51:27.923036+02:00","fssai"
"1453956","Airport_Seaport - Retailer","M/S PUBLIC GROCERY STORE","NEAR AASTHA HOSPITAL, BARNALA ROAD, NIHAL SINGH WALA","12121521000038","State License","Active","2023-03-29T16:08:37.078964+02:00","2024-09-18T17:02:52.001646+02:00","fssai"
"76592772","Food Services - Club_Canteen","THE INDIAN PUBLIC SCHOOL","SURVEY NO. 309, 310 & 312, VATTINAGULAPALLY, GANDIPET, RANGAREDDY","13624010000072","State License","Active","2024-01-31T15:43:02.477855+01:00","2024-09-18T16:14:01.238493+02:00","fssai"
"43549398","Food Services - Club_Canteen","M/S. DELHI PUBLIC SCHOOL GAYA","DUBHAL, PO- CHAND CHAURA, PS- MAGADH MEDICAL","10423200000285","State License","Active","2024-01-03T16:16:55.863408+01:00","2024-09-18T16:13:59.567471+02:00","fssai"
"109979019","Food Services - Club_Canteen","SREE GOKULAM PUBLIC SCHOOL MESS","SREE GOKULM PUBLIC SCHOOL MESS,NEAR VALAYANAD DEVI TEMPLE,KOMMERI(PO)","11324011000345","State License","Active","2024-02-28T15:51:38.493253+01:00","2024-09-18T16:14:04.19663+02:00","fssai"
"1528296","Food Services - Food Vending Establishment","BHASHYAM PUBLIC SCHOOL - BHASHYAM  RAMA KRISHNA","Asst. No.1021137526, Gorantla","10121007000074","State License","Active","2023-03-27T02:09:17.235782+02:00","2024-09-18T16:11:19.912279+02:00","fssai"
"3136825","Food Services - Club_Canteen","RAJSHREE PUBLIC SCHOOL RESIDENTIAL","SECRETORY - PATIL DNYANOBA URF DILIP GOVINDRAO, SAI NAGAR AMBEDKAR CHOWK LATUR ROAD NANDED-431603","11520048000142","State License","Active","2023-03-27T08:45:38.016414+02:00","2024-09-18T16:14:04.774191+02:00","fssai"
"5769319","Indian Railways - Caterer","H.S.MAHADEVASWAMY / PUBLIC CATERING SERVICE","H.S.Mahadevaswamy S/o Shivakumaraswamy,Public Catering Service,District Hospital Premises,B.Rachaiah Double Road,Chamarajanagar","11220308000043","State License","Active","2023-03-31T18:11:01.258326+02:00","2024-09-18T17:33:02.67248+02:00","fssai"
"1566027","Konkan Railway - Club_Canteen","BOLUMPALLI JIVITESH REDDY M/S NIRAJ PUBLIC SCHOOL ","H NO 6-3-864 SAADAT MANZIL AMEERPET HYDERABAD ","13623011001437","State License","Active","2023-11-29T18:20:07.42843+01:00","2024-09-18T19:19:46.105656+02:00","fssai"
"1570306","Central Govt Agencies - Retailer","V5 PUBLICATIONS PRIVATE LIMITED ","No.17 B-2, 17 B-3, 17 B-4 WARD No.4, YELAHANAKA NEW TOWN , BANGALORE","11222331001662","State License","Active","2023-03-31T22:02:39.769542+02:00","2024-09-18T19:05:22.823045+02:00","fssai"
"1576109","Indian Railways - Food Vending Establishment","VETRIVIKAS PUBLIC SCHOOL HOSTEL/BALASUBRAMANIAN C","NAMAKKAL MAINROAD,RASIPURAM TOWN,RASIPURAM(TK)","12421014000191","State License","Active","2023-03-31T14:03:16.831207+02:00","2024-05-22T17:33:37.351759+02:00","fssai"
"1615856","Food Services - Club_Canteen","DR. VIJAYA OLD AGE HOME RUN BY RANGACHARI RAJALAKSHMI PUBLIC CHARITABLE TRUST ","3/772, BALAKRISHNA NAGAR, PILLAIYARPATTI, VALLAM, THANJAVUR ","12423020000207","State License","Active","2023-04-06T18:16:07.951825+02:00","2024-09-18T16:14:07.735566+02:00","fssai"
"1592979","Food Services - Club_Canteen","KASAMADE PARISAR VIKAS MANDALS DR D S AHER ENGLISH MEDIUM PUBLIC SCHOOL","VITHEWADI LO TAL DEOLA DIST NASHIK","11519028000069","State License","Active","2023-03-27T05:21:01.082429+02:00","2024-09-18T16:14:00.712774+02:00","fssai"
"370102650","Manufacturer -  General Manufacturing","M/S PUBLIC SRVICE WHEAT AND OIL MILL","COLLEGE MORE, SAMSI","22823110000174","Registration","Active","2024-11-06T13:06:43.654551+01:00","2025-01-28T05:51:44.148448+01:00","fssai"
"1640736","Food Services - Food Vending Establishment","SLOPELAND PUBLIC SCHOOL","SALT VILLAGE, KHONGJOM","11621007000008","State License","Active","2023-03-26T22:53:23.769499+02:00","2024-09-18T16:10:58.114548+02:00","fssai"
"2057255","Konkan Railway - Food Vending Establishment","SHREE VAISHNAV SEVA SAMAJ PUBLIC CHARITABLE TRUST (VASH)","PLOT NO-59-D, SHREE GOVARDHAN NATHJI HAVELI MARG, SECTOR-29, VASHI, NAVI MUMBAI","11523017000271","State License","Active","2023-11-08T17:32:24.847861+01:00","2024-09-18T19:36:01.113267+02:00","fssai"
"504739","Indian Railways - Club_Canteen","THE INDIAN PUBLIC SCHOOL - CANTEEN","A.CHOCKALINGAM,SF.NO.147/2A,PILLAIYAR NATHAM,NEAR AMMAN COLLEGE,DINDIGUL","12422006001303","State License","Active","2023-03-31T14:12:23.147655+02:00","2024-09-18T17:57:04.663262+02:00","fssai"
"4109513","Indian Railways - Club_Canteen","BISHNUPUR PUBLIC INSTITUTE OF ENGINEERING (POLY TECHNIC)","SIROMONIPUR,BISHNUPUR,BANKURA","12822029000030","State License","Active","2023-03-31T14:10:09.996635+02:00","2024-09-18T17:57:30.724471+02:00","fssai"
"2476718","Indian Railways - Club_Canteen","ORIENTAL PUBLIC SCHOOL ","AT-TEGHARI KISHANGANJ ","10423370000021","State License","Active","2023-03-31T14:13:26.369329+02:00","2024-09-18T17:57:12.492747+02:00","fssai"
"1695315","Food Services - Club_Canteen","BRINDAVAN PUBLIC SCHOOL","D.NO-90 A&B, WELLIGTON BAZAAR POST, COONOOR.","12422021000204","State License","Active","2023-03-27T07:24:31.601725+02:00","2024-09-18T16:14:10.048929+02:00","fssai"
"1702972","Indian Railways - Club_Canteen","DHARMAR MURUGIAH,Global Public School'CANTEEN'","DHARMAR MURUGIAH,Global Public School'CANTEEN',12/310-C,OEN Junction,Thiruvaniyoor","11316007000334","State License","Active","2023-03-31T14:10:24.28906+02:00","2024-09-18T17:57:30.724471+02:00","fssai"
"1634399","Manufacturer -  General Manufacturing","M/S. CHIDRUPA PRODUCTS SERVICES PUBLICATIONS","H NO.2-1-563/14,NALLAKUNTA,OPPOSITE SHANKARMUTT TEMPLE","13621034000261","State License","Active","2023-03-18T12:12:13.401344+01:00","2025-11-18T16:23:32.339699+01:00","fssai"
"1721499","Central Govt Agencies - Distributor","M/S PADMAVATI AGENCIES PROP- PRASHANT JAIN S/O PRAMOD KUMAR JAIN R/O NEAR HOLY PUBLIC SCHOOL SIKANDRA AGRA","NEAR FCI GODOWN G T ROAD ETAH","12721059000008","State License","Active","2023-03-31T17:31:39.954521+02:00","2024-09-18T18:36:44.337633+02:00","fssai"
"3606650","Central Govt Agencies - Retailer","OASIS PUBLICITY","222, INDALGANJ, MOHIBULLAPUR, SITAPUR ROAD, LUCKNOW","12719066001015","State License","Active","2023-03-31T21:55:47.13337+02:00","2024-09-18T19:04:41.719482+02:00","fssai"
"1695167","Food Services - Club_Canteen","BISHNUPUR PUBLIC INSTITUTE OF ENGINEERING (POLY TECHNIC)","SIROMONIPUR,BISHNUPUR,BANKURA","12822029000030","State License","Active","2023-03-27T07:22:55.660388+02:00","2024-09-18T16:14:09.803302+02:00","fssai"
"1695284","Food Services - Club_Canteen","Delhi Public School","Chidbana Road","12722064000138","State License","Active","2023-03-27T07:24:02.075002+02:00","2024-09-18T16:14:09.184137+02:00","fssai"
"7948614","Food Services - Caterer","H.S.MAHADEVASWAMY / PUBLIC CATERING SERVICE","H.S.Mahadevaswamy S/o Shivakumaraswamy,Public Catering Service,District Hospital Premises,B.Rachaiah Double Road,Chamarajanagar","11220308000043","State License","Active","2023-03-26T14:55:05.113571+02:00","2024-09-18T16:08:31.086466+02:00","fssai"
"302793298","Indian Railways - Club_Canteen","M/S North East Public School Canteen at Rowta.","Prop: Sri Maheswar Brahma S/O Sri Budhi Ram Brahma,Village-Bhalukmari,PO-Rowta","10324011000022","State License","Active","2024-07-31T17:17:44.192622+02:00","2024-09-18T17:57:38.485575+02:00","fssai"
"6859130","Food Services - Food Vending Establishment","DR. VIJAYA OLD AGE HOME RUN BY RANGACHARI RAJALAKSHMI PUBLIC CHARITABLE TRUST ","3/772, BALAKRISHNA NAGAR, PILLAIYARPATTI, VALLAM, THANJAVUR ","12423020000207","State License","Active","2023-04-06T18:00:59.900754+02:00","2024-09-18T16:11:55.045606+02:00","fssai"
"1813354","Food Services - Food Vending Establishment","Daffodils Public School","Daffodils Public School, Lohia Talab","12718042000078","State License","Active","2023-03-26T20:55:09.103554+02:00","2024-09-18T16:12:12.128183+02:00","fssai"
"1872262","Food Services - Club_Canteen","DON BOSCO PUBLIC SCHOOL","DOGAON, P.O.- DOGARA","12615007000255","State License","Active","2023-03-27T06:43:54.920103+02:00","2024-09-18T16:13:38.699189+02:00","fssai"
"6726198","Konkan Railway - Caterer","THE PUNJAB PUBLIC SCHOOL NABHA","SENIOR AND JUNIOR MESS, PPS NABHA","12121681000358","State License","Active","2023-03-31T22:42:41.06693+02:00","2024-09-18T19:17:43.620103+02:00","fssai"
"5939461","Indian Railways - Club_Canteen","DR. VIJAYA OLD AGE HOME RUN BY RANGACHARI RAJALAKSHMI PUBLIC CHARITABLE TRUST ","3/772, BALAKRISHNA NAGAR, PILLAIYARPATTI, VALLAM, THANJAVUR ","12423020000207","State License","Active","2023-04-06T21:25:20.014104+02:00","2024-09-18T17:57:28.060255+02:00","fssai"
"269798","Trade_Retail - Distributor","M/s- SUREKA PUBLICATIONS PVT. LTD., Mr. Nreepen Das (Director)","Gorolia, Near Sarusajai Stadium, N.H.-37, P.O.- Sawkuchi, P.S.- Basistha, Guwahati-781034","10320001000378","State License","Active","2023-03-31T10:08:47.462918+02:00","2025-03-18T15:48:48.50675+01:00","fssai"
"1877858","Trade_Retail - Retailer","M/s  Public General Store","Bhoor  Chauraha  Bulandshahr, Post Khas, Thana Kotwali Dehat","12717054000270","State License","Active","2023-03-31T13:21:46.935495+02:00","2024-11-06T16:04:09.244738+01:00","fssai"
"1885492","Food Services - Club_Canteen","Gedee Public School","634/2, Eachanari - Chettipalayam Road, Eachanari PO (B.O), Coimbatore - 641021","12418003001363","State License","Active","2023-03-27T08:27:27.678661+02:00","2024-09-18T16:13:49.897116+02:00","fssai"
"1922736","Food Services - Mid-Day meal - Caterer","NEW PUBLIC SCHOOL SAMITI","504/21D, KRISHNA BHAWAN, TAGORE MARG, DALIGANJ","12723066000390","State License","Active","2023-04-17T15:01:14.658623+02:00","2024-09-18T15:49:12.940671+02:00","fssai"
"1891839","Indian Railways - Club_Canteen","CANTEEN EMERALD VALLEY PUBLIC SCHOOL","YERCAUD FOOT HILLS KONDAPPANAICKENPATTY SALEM-8","12418018002137","State License","Active","2023-03-31T14:02:32.520967+02:00","2024-09-18T17:56:26.914254+02:00","fssai"
"1960246","Trade_Retail - Retailer","SHREE BALAJI AGENCIES , INFRONT OF GOVIND PUBLIC SCHOOL, ONDELA ROAD , DHOLPUR","Mukesh Kumar Mittal s/o Mr. Deen Dayal Mittal, Chobdar Mohalla , Dholpur","12222022000042","State License","Active","2023-03-31T12:33:05.355037+02:00","2024-11-06T15:57:39.183391+01:00","fssai"
"532007","Food Services - Food Vending Establishment","SRISHTI PUBLIC CHARITABLE TRUST","Tea Museum,Srishti - Deli confectionery Unit Outlet,17/686, LFGS Road,Nullathanni,Munnar","11317006000084","State License","Active","2023-03-27T00:12:41.674023+02:00","2024-09-18T16:11:08.92482+02:00","fssai"
"773195","Food Services - Food Vending Establishment","JAWAHARLAL SHIKSHAN PRASARAK MANDAL SANCHLITI M/S. SHANTINIKETAN PUBLIC SCHOOL HOSTEL","SOW. SHASHIKALA SAMBHAJIRAO BIRADARH.NO.2041 MALEGAON TQ.ARDHAPUR DIST. NANDED-431750","11520048000117","State License","Active","2023-03-27T02:35:46.744061+02:00","2024-09-18T16:11:43.405577+02:00","fssai"
"2015059","Airport_Seaport - Retailer","M/s PUBLIC MEDICAL STORE Proprietor Khalid Mirza S/o Sri Mohammad Mirza ","Ashfaqullah Colony Subhash Nagar Faizabad Ayodhya 224001","12723020000070","State License","Active","2023-03-29T17:22:17.497581+02:00","2024-09-18T17:10:29.972977+02:00","fssai"
"2050707","Food Services - Club_Canteen","INDORE PUBLIC SCHOOL","AB ROAD HUKMAKHEDI RAJENDRA NAGAR,INDORE","11422850001005","State License","Active","2023-03-27T08:03:01.568108+02:00","2024-09-18T16:13:47.243554+02:00","fssai"
"957416","Konkan Railway - Club_Canteen","KASAMADE PARISAR VIKAS MANDALS DR D S AHER ENGLISH MEDIUM PUBLIC SCHOOL","VITHEWADI LO TAL DEOLA DIST NASHIK","11519028000069","State License","Active","2023-03-31T22:50:33.351679+02:00","2024-09-18T19:19:49.968419+02:00","fssai"
"6846735","Trade_Retail - Retailer","M/S  JAI DURGE SWEETS HOUSE PROP-OMKAR SINGH S/O MAHAVIR SINGH R/O NEAR S. B. PUBLIC SCHOOL SHYAM VIHAR COLONY  AGRA ROAD ETAH","SHYAM VIHAR COLONY AGRA ROAD ETAH","12717059000132","State License","Active","2023-03-31T13:00:50.663098+02:00","2024-11-06T16:10:50.621664+01:00","fssai"
"2070882","Trade_Retail - Retailer","M/S-NIRMAL PUBLIC HEALTH SERVICE CENTRE. PROP.-SISTER RITTY. S/O-LATE.GREGORY CHACKO. MOB-8521657945","CHURCH GATE NEAR PAR NAWADA GAYA ROAD","10423210000018","State License","Active","2023-03-31T13:53:31.294176+02:00","2024-11-06T16:05:57.359882+01:00","fssai"
"2114103","Food Services - Caterer","THE NEW DIGAMBER PUBLIC SCHOOL TIRTHANJALI EDU COMPANY","KHASRA NO.65/1,65/2,75/2,76/2 LIMBODI KHANDAWA ROAD INDORE","11414850001080","State License","Active","2023-03-26T11:24:17.483551+02:00","2024-09-18T16:07:19.347383+02:00","fssai"
"2211189","Food Services - Club_Canteen","INDIAN PUBLIC SCHOOL CANTEEN","KHETRAJPUR REMED ROAD,KHETRAJPUR, SAMBALPUR","12017037000086","State License","Active","2023-03-27T07:04:04.023606+02:00","2024-09-18T16:14:05.087628+02:00","fssai"
"6241885","Airport_Seaport - Retailer","M/S. PUBLIC BAZAR PEN / MR. BHAVARLAL BHAGARAM DEVASI  ( PRO.OF)","HOUSE NO.94, NEAR NAGARPALIKA  PEN, LAL BAHADUR SHASTRI MARG , AT.PO.TAL.PEN, DIST. RAIGAD","11521024001721","State License","Active","2023-03-31T15:21:29.775289+02:00","2024-09-18T17:07:51.335996+02:00","fssai"
"4972157","Konkan Railway - Club_Canteen","DR. VIJAYA OLD AGE HOME RUN BY RANGACHARI RAJALAKSHMI PUBLIC CHARITABLE TRUST ","3/772, BALAKRISHNA NAGAR, PILLAIYARPATTI, VALLAM, THANJAVUR ","12423020000207","State License","Active","2023-03-31T22:56:01.92113+02:00","2024-09-18T19:19:56.422533+02:00","fssai"
"239174","Indian Railways - Club_Canteen","AVATAR MEHER BABA PERPETUAL PUBLIC CHARITABLE TRUST","GAT NO 24/A/1, HOSTEL D BUILDING , A/P ARANGAON ,MEHERABAD  ","11523032000152","State License","Active","2023-05-11T07:50:05.848094+02:00","2024-09-18T17:57:29.846806+02:00","fssai"
"2505584","Central Govt Agencies - Retailer","M/S P & G ENTERPRISES PROP- EKTA JAIN W/O PRASHANT JAIN R/O NEAR HOLY PUBLIC SCHOOL SIKANDRA AGRA","NEAR FCI GODOWN G T ROAD ETAH","12721059000005","State License","Active","2023-03-31T22:12:42.206116+02:00","2024-09-18T19:05:39.345094+02:00","fssai"
"2508623","Konkan Railway - Food Vending Establishment","PRIYDARSHANI MAGASVARGIYA VIKAS MAHILA MANDL SA - EKLAVYA INTERNATIONAL PUBLIC SCHOOL AND HOSTEL - SOW. SAVITA MAROTI KANTHEWAD ( PRESIDENT)","GAT NO. 95 BAMANI DABHAD ROAD TQ. ARDHAPUR DIST. NANDED-431704","11522048000048","State License","Active","2023-03-31T19:06:35.511957+02:00","2024-09-18T19:36:09.273038+02:00","fssai"
"2255554","Food Services - Club_Canteen","THE OPTIMUS PUBLIC SCHOOL","550-B ,KAVINDAPADI MAIN ROAD,SEVAGOUNDANUR,PERIYAPULIYUR(PO),BHAVANI(TK)))","12422007000251","State License","Active","2023-03-27T07:06:50.919177+02:00","2024-09-18T16:13:41.560871+02:00","fssai"
"764973","Konkan Railway - Restaurants","PRAKASH BHAI PATEL S/O BALDEV BHAI JI M/S PATEL PARBHUDAS KISHORDAS BIDIWALA PUBLIC TRUST , NATHDWAR","M/S PATEL PARBHUDAS KISHORDAS BIDIWALA PUBLIC TRUST , NEAR VIDHYA NIKTAN SCHOOL HOTEL MANGLA NATUWAS ,NATHDWARA, RAJSAMAND","12216037000018","State License","Active","2023-03-31T18:23:49.502773+02:00","2024-09-18T19:28:05.267455+02:00","fssai"
"79197477","Indian Railways - Club_Canteen","THE INDIAN PUBLIC SCHOOL","SURVEY NO. 309, 310 & 312, VATTINAGULAPALLY, GANDIPET, RANGAREDDY","13624010000072","State License","Active","2024-01-31T17:02:40.85789+01:00","2024-09-18T17:57:22.348404+02:00","fssai"
"2254903","Central Govt Agencies - Wholesaler","M/S BANARASI DAS PRAMOD KUMAR PROP- PRAMOD KUMAR JAIN S/O BANARASI DAS JAIN R/O NEAR HOLY PUBLIC SCHOOL SIKANDRA AGRA","NEAR FCI GODOWN G T ROAD ETAH","12721059000007","State License","Active","2023-03-31T17:19:54.060418+02:00","2024-09-18T18:18:12.150172+02:00","fssai"
"2316228","Indian Railways - Club_Canteen","PARK PUBLIC SCHOOL","VINAYAGA GARDENS,PERIYAPATTI,NAMAKKAL","12423014000211","State License","Active","2023-03-31T14:13:37.725955+02:00","2024-09-18T17:57:27.64043+02:00","fssai"
"2397971","Indian Railways - Club_Canteen","Dalhousie Public School Educational Society","Dalhousie Public School Siswaan, ","12122801000253","State License","Active","2023-03-31T14:09:56.788861+02:00","2024-09-18T17:56:58.364108+02:00","fssai"
"182726839","Konkan Railway - Club_Canteen","Bhandari Public School","Bhandari Public School, Sihada Road","11424950000075","State License","Active","2024-04-24T18:43:17.720491+02:00","2024-09-18T19:19:57.299254+02:00","fssai"
"1537814","Konkan Railway - Club_Canteen","CHANDANVAN PUBLIC SCHOOL","BHARATPUR ROAD MATHURA","12723004001098","State License","Active","2023-11-08T17:22:29.697699+01:00","2024-09-18T19:19:44.900901+02:00","fssai"
"1040410","Indian Railways - Club_Canteen","CHENNAI PUBLIC SCHOOL (KUPIDISAATHAM NARAYANASWAMI EDUCATIONAL TRUST)","NO.50, THIRUVALLUR HIGH ROAD,THIRUMAZHISAI,POONAMALLEE (TK),CHENNAI - 600 124.","12417023000875","State License","Active","2023-03-31T14:00:46.125518+02:00","2024-09-18T17:57:35.50725+02:00","fssai"
"3863","Indian Railways - Club_Canteen","NATIONAL PUBLIC SCHOOL /NOBLE FRIENDS FOUNDATION","AIRPORT ROAD OPPOSITE BIJASAN TEMPLE","11423850000960","State License","Active","2023-09-23T16:54:19.675757+02:00","2024-09-18T17:57:33.937718+02:00","fssai"
"2347773","Food Services - Club_Canteen","MIDDAY MEALS KITCHEN JINDAL PUBLIC SCHOOL ","JINDAL NAGAR, TUMKUR ROAD, BANGALORE","11222302000059","State License","Active","2023-03-27T07:01:59.431738+02:00","2024-09-18T16:13:40.997735+02:00","fssai"
"2410298","Food Services - Club_Canteen","SHRI GURUKUL VIDHYAPEETH AMAHIYA (MAHARAJA PUBLIC SCHOOL)","NH 30, BELA-SATNA ROAD","11422450000020","State License","Active","2023-03-27T06:50:10.69373+02:00","2024-09-18T16:13:39.563619+02:00","fssai"
"2483799","Food Services - Mid-Day meal - Canteen","MINERVA PUBLIC SCHOOL","5/110, MANGULAM, RAMASAMY NAGAR POST, ARUPPUKOTTAI TALUK","12422032000804","State License","Active","2023-03-26T18:02:32.018551+02:00","2024-09-18T16:08:53.585044+02:00","fssai"
"2418010","Konkan Railway - Club_Canteen","CANTEEN EMERALD VALLEY PUBLIC SCHOOL","YERCAUD FOOT HILLS KONDAPPANAICKENPATTY SALEM-8","12418018002137","State License","Active","2023-03-31T22:49:02.682416+02:00","2024-09-18T19:18:59.700097+02:00","fssai"
"2473388","Indian Railways - Club_Canteen","RIVERSIDE PUBLIC SCHOOL","CORSLEY ROAD, KOTAGIRI","12423021000027","State License","Active","2023-03-31T14:13:13.227789+02:00","2024-09-18T17:57:21.243424+02:00","fssai"
"2483507","Airport_Seaport - Retailer","M/S P & G ENTERPRISES PROP- EKTA JAIN W/O PRASHANT JAIN R/O NEAR HOLY PUBLIC SCHOOL SIKANDRA AGRA","NEAR FCI GODOWN G T ROAD ETAH","12721059000005","State License","Active","2023-03-31T15:37:09.014861+02:00","2024-09-18T17:05:40.833414+02:00","fssai"
"131589583","Konkan Railway - Club_Canteen","KOTAGIRI PUBLIC SCHOOL","K P SCHOOL CANTEEN, 36/8, ST - 2/14, KARUNIYAPURAM, KOTAGIRI, THE NILGIRIS-643217","12424021000054","State License","Active","2024-03-13T18:32:38.586039+01:00","2024-09-18T19:19:54.21228+02:00","fssai"
"241126399","Indian Railways - Club_Canteen","GURU NANAK PUBLIC SCHOOL DALHOUSIE ","BUS STOP GPO ROPAD MOTI TIBA DALHOUSIE ","10924002000024","State License","Active","2024-06-12T20:08:04.955446+02:00","2024-09-18T17:57:31.821499+02:00","fssai"
"160768514","Food Services - Club_Canteen","GOVT ANM TRAINING SCHOOL, INSTITUTE OF PUBLIC HEALTH","OLD POLICE STATION ROAD , INSTITUTE OF PUBLIC HEALTH , KARAYANCHAVADI , POONAMALLEE , CHENNAI - 600 056","12424023000470","State License","Active","2024-04-10T15:59:39.537031+02:00","2024-09-18T16:14:07.351051+02:00","fssai"
"2511009","Food Services - Club_Canteen","BOLUMPALLI JIVITESH REDDY M/S NIRAJ PUBLIC SCHOOL ","H NO 6-3-864 SAADAT MANZIL AMEERPET HYDERABAD ","13623011001437","State License","Active","2023-11-29T15:51:13.458741+01:00","2024-09-18T16:13:57.509394+02:00","fssai"
"2506946","Food Services - Club_Canteen","Delhi Public School (A Unit of Jagran Social Welfare Society)","Agra - Mumbai Haighway Behind Silicon velly Near rau","11419850000485","State License","Active","2023-03-27T05:28:53.885553+02:00","2024-09-18T16:14:11.0509+02:00","fssai"
"2557951","Central Govt Agencies - Retailer","SHREE BALAJI AGENCIES , INFRONT OF GOVIND PUBLIC SCHOOL, ONDELA ROAD , DHOLPUR","Mukesh Kumar Mittal s/o Mr. Deen Dayal Mittal, Chobdar Mohalla , Dholpur","12222022000042","State License","Active","2023-03-31T21:30:56.939553+02:00","2024-09-18T19:03:29.442144+02:00","fssai"
"276219863","Indian Railways - Club_Canteen","M/S DELHI PUBLIC SCHOOL CANTEEN","MAHARAJA HARI SINGH SHAHIDI CHOWK RESIDENCY ROAD","11024150000215","State License","Active","2024-07-10T17:22:45.956193+02:00","2024-09-18T17:57:33.808099+02:00","fssai"
"2545181","Konkan Railway - Club_Canteen","THE INDIAN PUBLIC SCHOOL","SF. No.33/1B1, 33/1B2 of Vandiyur Bit -1 Village, Karuppayurani","12422012002259","State License","Active","2023-03-31T22:54:30.575173+02:00","2024-09-18T19:19:33.150482+02:00","fssai"
"1903275","Food Services - Club_Canteen","THE INDIAN PUBLIC SCHOOL PVT LTD","PLOT NO.1A/4&1A/5, 2ND CROSS MAIN ROAD, AMBATTUR INDUSTRIAL ESTATE, AMBATTUR","12421023001899","State License","Active","2023-03-27T07:38:28.272044+02:00","2024-09-18T16:13:45.032452+02:00","fssai"
"2591706","Indian Railways - Club_Canteen","BIJENDRA PUBLIC SCHOOL ","ABHAS KUMAR MISHRA S/O-BHUBANESHWAR MISHRA AT-NH31, MARANGA ","10423340000111","State License","Active","2023-05-30T23:43:36.781198+02:00","2024-09-18T17:57:31.349488+02:00","fssai"
"2584445","Konkan Railway - Club_Canteen","Delhi Public School","DPS Campus k. no. 102/214,103/3 Near Water World,Nipania indore","11419850000486","State License","Active","2023-03-31T22:50:45.597904+02:00","2024-09-18T19:20:01.307844+02:00","fssai"
"2592605","Konkan Railway - Club_Canteen","Dalhousie Public School Educational Society","Dalhousie Public School Siswaan, ","12122801000253","State License","Active","2023-03-31T22:53:32.662858+02:00","2024-09-18T19:19:29.807554+02:00","fssai"
"2647710","Central Govt Agencies - Retailer","LOVI ADVERTISING & PUBLICITY PRIVATE LIMITED","SHOP NO-GROUND FLOOR-55, NORTH GATE MALL, ORBIT PLAZA, GUJRANWALA TOWN NEW DELHI","13315002000659","State License","Active","2023-03-31T20:53:30.889282+02:00","2024-09-18T19:00:08.420688+02:00","fssai"
"2652178","Konkan Railway - Restaurants","INDORE PUBLIC SCHOOL","AB ROAD HUKMAKHEDI RAJENDRA NAGAR,INDORE","11422850001005","State License","Active","2023-03-31T18:42:41.270415+02:00","2024-09-18T19:29:35.707814+02:00","fssai"
"2651049","Indian Railways - Club_Canteen","BISHNUPUR PUBLIC SCHOOL & COLLEGE OF NURSING","RAMANANDA NAGAR,BISHNUPUR,BANKURA","12822029000031","State License","Active","2023-03-31T14:10:15.819938+02:00","2024-09-18T17:57:24.183474+02:00","fssai"
"2709209","Konkan Railway - Club_Canteen","AVATAR MEHER BABA PERPETUAL PUBLIC CHARITABLE TRUST","GAT NO 24/A/1, HOSTEL D BUILDING , A/P ARANGAON ,MEHERABAD  ","11523032000152","State License","Active","2023-05-31T05:43:42.357648+02:00","2024-09-18T19:19:58.268579+02:00","fssai"
"2690702","Konkan Railway - Club_Canteen","NATIONAL PUBLIC SCHOOL ","VEPPANATHAM,VAGURAMPATTY,TRICHY ROAD","12422014000213","State License","Active","2023-03-31T22:53:21.024996+02:00","2024-09-18T19:19:28.806307+02:00","fssai"
"126815060","Food Services - Club_Canteen","KOTAGIRI PUBLIC SCHOOL","K P SCHOOL CANTEEN, 36/8, ST - 2/14, KARUNIYAPURAM, KOTAGIRI, THE NILGIRIS-643217","12424021000054","State License","Active","2024-03-13T15:58:43.156564+01:00","2024-09-18T16:14:05.744507+02:00","fssai"
"188460108","Airport_Seaport - Distributor","RAHUL PUBLICATION","RAHUL KUMAR S/O BHOLA SAH-AT-RAJKUMARGANJ-PO-LALBAGH-PS-NAGAR","10424310000094","State License","Active","2024-05-01T17:12:04.559799+02:00","2024-09-18T17:27:39.039404+02:00","fssai"
"7388917","Trade_Retail - Importer","KLA India Public Limited","2nd Mile Stone, Kiccha Road, Rudrapur                                                                                                                                                            ","10013012000239","Central License","Active","2023-03-31T07:10:40.040005+02:00","2024-11-06T15:14:18.928739+01:00","fssai"
"2726164","Indian Railways - Club_Canteen","INDIAN PUBLIC SCHOOL PRIVATE LIMITED","PLOT NO. 23& 24, PEERANCHERUVU, RANGAREDDY ","13623010000725","State License","Active","2023-09-27T17:05:19.321767+02:00","2024-09-18T17:57:14.216011+02:00","fssai"
"326747753","Food Services - Club_Canteen","M/s SHIVANI PUBLIC SCHOOL, GIRIGANI RAHUL VARMA","GIRIGANI RAHUL VARMA, SHIVANI PUBLIC SCHOOL, LAKNEPALLY, NARSAMPET, WARANGAL, 506330","13624004000191","State License","Active","2024-08-21T15:55:56.51537+02:00","2024-09-18T16:14:18.398682+02:00","fssai"
"2726949","Airport_Seaport - Retailer","M/S BANARASI DAS PRAMOD KUMAR PROP- PRAMOD KUMAR JAIN S/O BANARASI DAS JAIN R/O NEAR HOLY PUBLIC SCHOOL SIKANDRA AGRA","NEAR FCI GODOWN G T ROAD ETAH","12721059000007","State License","Active","2023-03-31T15:33:59.957327+02:00","2024-09-18T17:05:34.49991+02:00","fssai"
"2755704","Konkan Railway - Club_Canteen","DON BOSCO PUBLIC SCHOOL","DOGAON, P.O.- DOGARA","12615007000255","State License","Active","2023-03-31T22:52:40.111176+02:00","2024-09-18T19:19:24.523884+02:00","fssai"
"2750910","Airport_Seaport - Retailer","LOVI ADVERTISING & PUBLICITY PRIVATE LIMITED","SHOP NO-GROUND FLOOR-55, NORTH GATE MALL, ORBIT PLAZA, GUJRANWALA TOWN NEW DELHI","13315002000659","State License","Active","2023-03-29T15:33:30.95057+02:00","2024-09-18T17:00:13.035056+02:00","fssai"
"356454481","Indian Railways - Restaurants","M/S. HOTEL PUBLIC HOUSE RESTAURANT. PROP. M/R.SHRIKANT RAMCHANDRA SURYAWANSHI.","AT. MALMATTA NO. 1371, GADEGAON TAH-LAKHANI","11524058000106","State License","Active","2024-09-11T17:06:09.291877+02:00","2024-09-18T17:55:02.200848+02:00","fssai"
"2754608","Konkan Railway - Food Vending Establishment","Minhaj Publications India Forum","Block No. R-1, Mahabalipuram, Tandalja Road, Tandalja","10722032000309","State License","Active","2023-03-31T19:01:38.338518+02:00","2024-09-18T19:35:32.23725+02:00","fssai"
"1138075","Food Services - Club_Canteen","BISHNUPUR PUBLIC SCHOOL & COLLEGE OF NURSING","RAMANANDA NAGAR,BISHNUPUR,BANKURA","12822029000031","State License","Active","2023-03-27T07:25:19.756735+02:00","2024-09-18T16:14:03.806169+02:00","fssai"
"2762336","Konkan Railway - Club_Canteen","Rosy Public School Canteen / Satya Veer Sigh","KOLA MOD FARRUKHABAD, JALALABAD HIGHWAY","12722012000360","State License","Active","2023-03-31T22:54:41.603965+02:00","2024-09-18T19:20:07.633123+02:00","fssai"
"2758354","Konkan Railway - Club_Canteen","THE INDIAN PUBLIC SCHOOL","SF.NO.118, 30, KARAIPUDUR VILLAGE,ARULPURAM,PALLADAM (TK)","12417027000633","State License","Active","2023-03-31T22:54:37.577962+02:00","2024-09-18T19:19:33.603191+02:00","fssai"
"2763974","Airport_Seaport - Wholesaler","M/s- SUREKA PUBLICATIONS PVT. LTD., Mr. Nreepen Das (Director)","Gorolia, Near Sarusajai Stadium, N.H.-37, P.O.- Sawkuchi, P.S.- Basistha, Guwahati-781034","10320001000378","State License","Active","2023-03-31T11:42:33.004059+02:00","2024-09-18T16:26:45.039525+02:00","fssai"
"2807822","Konkan Railway - Food Vending Establishment","Him Academy Public School / Des Raj Head Chef","Vikas Nagar P.O. Daruhi Tehsil and Distt Hamirpur","10919003000026","State License","Active","2023-03-31T18:57:31.875738+02:00","2024-09-18T19:36:22.55645+02:00","fssai"
"2848480","Food Services - Club_Canteen","Rosy Public School Canteen / Satya Veer Sigh","KOLA MOD FARRUKHABAD, JALALABAD HIGHWAY","12722012000360","State License","Active","2023-03-27T08:01:15.681146+02:00","2024-09-18T16:14:18.520645+02:00","fssai"
"2772154","Konkan Railway - Club_Canteen","DELHI PUBLIC SCHOOL HOSTEL","DAGAPUR,P.O&P.S PRADHAN NAGAR","12822006000426","State License","Active","2023-03-31T22:54:51.147629+02:00","2024-09-18T19:19:41.779096+02:00","fssai"
"2783209","Food Services - Food Vending Establishment","GODAVARI MANAR PUBLIC SCHOOL AND JUNIOR COLLEGE - PANDEY DURGAPRASAD RAMCHANDRA (Principal)","H.NO. 450 SHANKAR NAGAR TQ. BILOLI DIST. NANDED-431736","11522076000140","State License","Active","2023-03-27T01:41:38.854881+02:00","2024-09-18T16:11:17.597741+02:00","fssai"
"335016869","Trade_Retail - Retailer","M/S PUBLIC MEDICAL AGENCY","BLOCK-B, ROOM NO-7, 1ST FOOR,LALGOLA MAHARAJA ROAD MARKET","12824011000206","State License","Active","2024-08-28T15:30:19.042526+02:00","2024-11-06T16:11:52.914211+01:00","fssai"
"2856450","Food Services - Club_Canteen","HOSUR PUBLIC SCHOOL","RAYAKOTTAI HIGHWAYS, KARAPALLI, HOSUR.","12422011000579","State License","Active","2023-03-31T10:33:05.217881+02:00","2024-09-18T16:14:17.04586+02:00","fssai"
"2832899","Food Services - Club_Canteen","THE INDIAN PUBLIC SCHOOL PVT LTD`","PLOT NO.44&53, DEVELOPED PLOTS, INDUSTRIAL ESTATE, PERUNGUDI","12421008003698","State License","Active","2023-03-27T07:29:59.765554+02:00","2024-09-18T16:14:10.856982+02:00","fssai"
"2856462","Indian Railways - Club_Canteen","The Indian Public School","8/3004, Fr. Abel Nagar, Edachira, Thengode (PO), Kakkanad","11323007000682","State License","Active","2023-05-30T23:42:05.752895+02:00","2024-09-18T17:57:37.666732+02:00","fssai"
"2846148","Food Services - Club_Canteen","THE INDIAN PUBLIC SCHOOL","CHENNIMALAI ROAD, SENAPATHYPALAYAM, GOUNDACHIPALAYAM POST, ERODE,","12421007000231","State License","Active","2023-03-27T06:19:28.21533+02:00","2024-09-18T16:14:03.574857+02:00","fssai"
"2946063","Indian Railways - Caterer","ASLA PUBLIC KITCHEN ","39/24-3, KOZHIKKARA STREET, PALAKAKD ","11321009000231","State License","Active","2023-03-31T18:08:10.645548+02:00","2024-09-18T17:32:01.467134+02:00","fssai"
"2904946","Central Govt Agencies - Retailer","M/S-NIRMAL PUBLIC HEALTH SERVICE CENTRE. PROP.-SISTER RITTY. S/O-LATE.GREGORY CHACKO. MOB-8521657945","CHURCH GATE NEAR PAR NAWADA GAYA ROAD","10423210000018","State License","Active","2023-03-31T22:23:26.434236+02:00","2024-09-18T19:09:40.239255+02:00","fssai"
"257529169","Airport_Seaport - Retailer","V ENTERPRISES/ VEERENDRA KUMAR  S GROUND FLOOR 225/223/13/1/13/2/A1 SRI KRISHNA KRUPA MARALUBAGILU MAIN ROAD SHREENIKETHAN PUBLIC SCHOOL MARALABAGILU MARALABAGAL ROAD DEVANAHALLI BANGALORE RURAL","GROUND FLOOR 225/223/13/1/13/2/A1 SRI KRISHNA KRUPA MARALUBAGILU MAIN ROAD SHREENIKETHAN PUBLIC SCHOOL MARALABAGILU MARALBAGAL ROAD DEVANAHALLI BANGALORE RURAL","11224303000371","State License","Active","2024-06-26T18:59:50.4869+02:00","2024-09-18T17:12:44.690841+02:00","fssai"
"3022116","Food Services - Club_Canteen","RIVERSIDE PUBLIC SCHOOL","CORSLEY ROAD, KOTAGIRI","12423021000027","State License","Active","2023-03-27T08:42:35.899896+02:00","2024-09-18T16:14:00.351731+02:00","fssai"
"3026469","Food Services - Club_Canteen","CHENNAI PUBLIC SCHOOL (KUPIDISAATHAM NARAYANASWAMI EDUCATIONAL TRUST)","T.V.S.AVENUE MAIN ROAD,ANNA NAGAR WEST EXTN,CHENNAI-101","12418023000804","State License","Active","2023-03-27T03:34:50.617042+02:00","2024-09-18T16:14:15.197299+02:00","fssai"
"3164759","Airport_Seaport - Retailer","BRIJ PUBLICITY & ADVERTISING PVT.LTD.","GF-110,111,170,171, South Court Mall, Saket","13315008000567","State License","Active","2023-03-29T15:33:25.291235+02:00","2024-09-18T17:00:12.634473+02:00","fssai"
"3022976","Food Services - Club_Canteen","PARK PUBLIC SCHOOL","VINAYAGA GARDENS,PERIYAPATTI,NAMAKKAL","12423014000211","State License","Active","2023-03-29T12:09:55.827458+02:00","2024-09-18T16:14:07.351051+02:00","fssai"
"2311658","Indian Railways - Food Vending Establishment","DR. VIJAYA OLD AGE HOME RUN BY RANGACHARI RAJALAKSHMI PUBLIC CHARITABLE TRUST ","3/772, BALAKRISHNA NAGAR, PILLAIYARPATTI, VALLAM, THANJAVUR ","12423020000207","State License","Active","2023-04-06T21:22:18.840129+02:00","2024-09-18T17:40:51.258545+02:00","fssai"
"3174738","Indian Railways - Food Vending Establishment","Minhaj Publications India Forum","Block No. R-1, Mahabalipuram, Tandalja Road, Tandalja","10722032000309","State License","Active","2023-03-31T13:57:25.728228+02:00","2024-09-18T17:40:04.136892+02:00","fssai"
"3169700","Central Govt Agencies - Wholesaler","SHREE BALAJI AGENCIES , INFRONT OF GOVIND PUBLIC SCHOOL, ONDELA ROAD , DHOLPUR","Mukesh Kumar Mittal s/o Mr. Deen Dayal Mittal, Chobdar Mohalla , Dholpur","12222022000042","State License","Active","2023-03-31T16:38:45.431191+02:00","2024-09-18T18:16:38.865367+02:00","fssai"
"383338","Indian Railways - Club_Canteen","DON BOSCO PUBLIC SCHOOL","DOGAON, P.O.- DOGARA","12615007000255","State License","Active","2023-03-31T14:08:29.222871+02:00","2024-09-18T17:56:53.248899+02:00","fssai"
"258621045","Indian Railways - Club_Canteen","DELHI PUBLIC SCHOOL","SECTOR-12, R.K. PURAM ","13324009000280","State License","Active","2024-06-26T19:40:22.051373+02:00","2024-09-18T17:57:33.937718+02:00","fssai"
"3209580","Central Govt Agencies - Wholesaler","M/S MAA MAHAKALI SERVICES ,GOLDEN PUBLIC SCHOOL ,NA ,W,NO-07, NH 327, CHAKLA NIRMALI ,SUPAUL","M/S MAA MAHAKALI SERVICES ,GOLDEN PUBLIC SCHOOL ,NA , W.NO-07, NH 327, CHAKLA NIRMALI ,SUPAUL","10423300000017","State License","Active","2023-03-31T17:30:42.106137+02:00","2024-09-18T18:21:37.437485+02:00","fssai"
"142011104","Trade_Retail - Trader_Merchant - Exporter","SRI CHIDRUPA PRODUCTS SERVICES PUBLICATIONS PRIVATE LIMITED","H NO 2-1-563/14, OPP TO SHANKERMUTT, TEMPLE ,NALLAKUNTA ,","13624999000175","Central License","Active","2024-03-27T14:54:25.384883+01:00","2024-11-06T15:08:07.673489+01:00","fssai"
"3226094","Food Services - Club_Canteen","DHARMAR MURUGIAH,Global Public School'CANTEEN'","DHARMAR MURUGIAH,Global Public School'CANTEEN',12/310-C,OEN Junction,Thiruvaniyoor","11316007000334","State License","Active","2023-03-27T07:28:37.100193+02:00","2024-09-18T16:14:09.803302+02:00","fssai"
"2351405","Food Services - Food Vending Establishment","Him Academy Public School / Des Raj Head Chef","Vikas Nagar P.O. Daruhi Tehsil and Distt Hamirpur","10919003000026","State License","Active","2023-03-26T21:15:36.960961+02:00","2024-09-18T16:11:57.915642+02:00","fssai"
"323191766","Konkan Railway - Restaurants","AZIZ MUHAMMED COMMUNITY HALL / HASHIMI PUBLIC CHARITABLE TRUST","16D / 354,355 PAIKI T.P.NO.23, MADNI SOCIETY, NEAR ALFESANI SCHOOL, GORAT NEW COZWAY ROAD, RANDER ROAD, SURAT","10724031001041","State License","Active","2024-08-14T18:26:50.502911+02:00","2024-09-18T19:32:29.157925+02:00","fssai"
"359118195","Konkan Railway - Restaurants","M/S. HOTEL PUBLIC HOUSE RESTAURANT. PROP. M/R.SHRIKANT RAMCHANDRA SURYAWANSHI.","AT. MALMATTA NO. 1371, GADEGAON TAH-LAKHANI","11524058000106","State License","Active","2024-09-11T18:23:20.693273+02:00","2024-09-18T19:32:44.092434+02:00","fssai"
"3309421","Indian Railways - Food Vending Establishment","BHASHYAM  PUBLIC SCHOOL  - BHASHYAM RAMA KRISHNA ","Asst. No.1021136756, D.No.11-945/9, Gorantla, Guntur","10121007000076","State License","Active","2023-03-31T14:02:04.833237+02:00","2024-09-18T17:40:16.519955+02:00","fssai"
"3392433","Food Services - Food Vending Establishment","Minhaj Publications India Forum","Block No. R-1, Mahabalipuram, Tandalja Road, Tandalja","10722032000309","State License","Active","2023-03-27T00:02:16.420005+02:00","2024-09-18T16:11:07.770989+02:00","fssai"
"230721","Indian Railways - Club_Canteen","INDORE PUBLIC SCHOOL","AB ROAD HUKMAKHEDI RAJENDRA NAGAR,INDORE","11422850001005","State License","Active","2023-03-31T14:11:42.991676+02:00","2024-09-18T17:57:02.553291+02:00","fssai"
"3366698","Airport_Seaport - Wholesaler","SHREE BALAJI AGENCIES , INFRONT OF GOVIND PUBLIC SCHOOL, ONDELA ROAD , DHOLPUR","Mukesh Kumar Mittal s/o Mr. Deen Dayal Mittal, Chobdar Mohalla , Dholpur","12222022000042","State License","Active","2023-03-31T12:20:40.678223+02:00","2024-09-18T16:28:51.877458+02:00","fssai"
"3411621","Indian Railways - Club_Canteen","VIDHYA NIKETAN PUBLIC SCHOOL","NO:21/17-18, PULIYAKULAM ROAD,COIMBATORE.","12419003000171","State License","Active","2023-03-31T14:02:04.372352+02:00","2024-09-18T17:56:24.676075+02:00","fssai"
"843237","Konkan Railway - Restaurants","PATEL PARBHUDAS KISHORDAS BIDIWALA PUBLIC TRUST SANCHALIT REVA-PRABHU SADAN","TRUSTEES OF.KIRTIKUMAR P PATEL, PATEL ASHOKKUMAR P,PATEL DHRUVKUMAR J,PATEL AMRISHKUMAR J,MI NO.101593/100554/100555/100556,DANTA ROAD,AMBAJI TA.DANTA DIST.BANASKANTHA","10718005000024","State License","Active","2023-03-31T18:35:19.760223+02:00","2024-09-18T19:29:06.128109+02:00","fssai"
"3478251","Konkan Railway - Caterer","ASLA PUBLIC KITCHEN ","39/24-3, KOZHIKKARA STREET, PALAKAKD ","11321009000231","State License","Active","2023-03-31T22:39:39.805721+02:00","2024-09-18T19:16:44.593904+02:00","fssai"
"3472316","Indian Railways - Club_Canteen","NATIONAL PUBLIC SCHOOL ","VEPPANATHAM,VAGURAMPATTY,TRICHY ROAD","12422014000213","State License","Active","2023-03-31T14:09:39.76443+02:00","2024-09-18T17:56:57.512626+02:00","fssai"
"180568500","Indian Railways - Club_Canteen","Bhandari Public School","Bhandari Public School, Sihada Road","11424950000075","State License","Active","2024-04-24T17:29:37.7032+02:00","2024-09-18T17:57:28.887145+02:00","fssai"
"3518545","Food Services - Club_Canteen","A.V.P. TRUST PUBLIC SENIOR SECONDARY SCHOOL (CBSE)","A.V.P. LAYOUT, GANDHI NAGAR, TIRUPUR","12423027000604","State License","Active","2023-07-23T21:35:15.322504+02:00","2024-09-18T16:14:11.55998+02:00","fssai"
"3517446","Food Services - Club_Canteen","DAYANAND PUBLIC SCHOOL","C/O- ISWAR PANIGRAHI, S/O-  RAMACHANDRA PANIGRAHI, AT- RASERAM VIHAR, PADIABAHAL, SAMBALPUR","12023028000022","State License","Active","2023-08-03T19:00:46.091062+02:00","2024-09-18T16:14:16.886506+02:00","fssai"
"3529644","Central Govt Agencies - Wholesaler","ADWALL OUTDOOR PUBLICITY ","1ST FLOOR,SHOP NO- 141, CRYSTAL COMPLEX, M G ROAD, CHITAKHANA CHOWK, JUNAGADH","10721999001226","Central License","Active","2023-03-31T17:07:17.507778+02:00","2024-09-18T18:17:43.974538+02:00","fssai"
"3572620","Airport_Seaport - Wholesaler","ADWALL OUTDOOR PUBLICITY ","1ST FLOOR,SHOP NO- 141, CRYSTAL COMPLEX, M G ROAD, CHITAKHANA CHOWK, JUNAGADH","10721999001226","Central License","Active","2023-03-31T12:46:04.003667+02:00","2024-09-18T16:29:49.339267+02:00","fssai"
"43549407","Food Services - Club_Canteen","JAYANTHI PUBLIC SENIOR SECONDARY SCHOOL","SF.NO. 66/2A, JAYANTHI GARDEN, ARULPURAM, KARAIPUDUR VILLAGE, PALLADAM (TK), TIRUPUR","12423027001288","State License","Active","2024-01-03T16:16:55.863408+01:00","2024-09-18T16:13:59.567471+02:00","fssai"
"3653042","Airport_Seaport - Wholesaler","M/S P & G ENTERPRISES PROP- EKTA JAIN W/O PRASHANT JAIN R/O NEAR HOLY PUBLIC SCHOOL SIKANDRA AGRA","NEAR FCI GODOWN G T ROAD ETAH","12721059000005","State License","Active","2023-03-31T12:58:07.151152+02:00","2024-09-18T16:30:18.611497+02:00","fssai"
"2474899","Indian Railways - Club_Canteen","RAJSHREE PUBLIC SCHOOL RESIDENTIAL","SECRETORY - PATIL DNYANOBA URF DILIP GOVINDRAO, SAI NAGAR AMBEDKAR CHOWK LATUR ROAD NANDED-431603","11520048000142","State License","Active","2023-03-31T14:13:19.976668+02:00","2024-09-18T17:57:25.102334+02:00","fssai"
"2446847","Indian Railways - Club_Canteen","DAYANAND PUBLIC SCHOOL","C/O- ISWAR PANIGRAHI, S/O-  RAMACHANDRA PANIGRAHI, AT- RASERAM VIHAR, PADIABAHAL, SAMBALPUR","12023028000022","State License","Active","2023-08-04T02:22:31.203685+02:00","2024-09-18T17:57:37.332982+02:00","fssai"
"356516925","Indian Railways - Club_Canteen","THE HYDERABAD PUBLIC SCHOOL,BEGUMPET","1-11-87&88,SP ROAD,BEGUMPET","13624014000773","State License","Active","2024-09-11T17:08:08.297046+02:00","2024-09-18T17:57:40.877975+02:00","fssai"
"3064548","Indian Railways - Restaurants","INDORE PUBLIC SCHOOL","AB ROAD HUKMAKHEDI RAJENDRA NAGAR,INDORE","11422850001005","State License","Active","2023-03-31T15:33:24.631226+02:00","2024-09-18T17:51:56.346574+02:00","fssai"
"7677538","Trade_Retail - Distributor","SHREE BALAJI AGENCIES , INFRONT OF GOVIND PUBLIC SCHOOL, ONDELA ROAD , DHOLPUR","Mukesh Kumar Mittal s/o Mr. Deen Dayal Mittal, Chobdar Mohalla , Dholpur","12222022000042","State License","Active","2023-03-31T10:32:28.719791+02:00","2025-03-18T15:50:29.587289+01:00","fssai"
"4522353","Indian Railways - Club_Canteen","SHRI GURUDATTA SHIKSHAN SANTHA SANCHLIT MA SHARAD PAWAR PUBLIC SCHOOL VASTIGRUH & MESS ","CANTEEN PREMICES OF SHRI GURUDATTA SHIIKSHAN SANSTHA GAT NO.- 181 , 220/1/2 , 274/1/A/B, 275 , DATTA BHUMI , AT - MANUR , POST - KALWAN , TALUKA -KALWAN , DIST.- NASHIK","11523029000354","State License","Active","2023-08-13T07:39:18.0098+02:00","2024-09-18T17:57:39.438381+02:00","fssai"
"3658685","Central Govt Agencies - Storage (Controlled Atmosphere + Cold)","INTEGRATED PUBLIC SAFETY SYSTEMS PRIVATE LIMITED","(1)UNIT C, BLOCK NO. 796, OPP. HOTEL ALPHA, ASLAI, BY PASS ROAD, N.H.-8, ASLALI, AHMEDABAD-382427 (2)BLOCK NO. 816, 817, 818, 819 & 820, OPP. ALFA HOTEL, ASLALI, TA:DASKROI, AHMEDABAD-382427","10718002000146","State License","Active","2023-03-31T14:14:28.388195+02:00","2024-09-18T17:58:07.547793+02:00","fssai"
"3876457","Central Govt Agencies - Retailer","BRIJ PUBLICITY & ADVERTISING PVT.LTD.","GF-110,111,170,171, South Court Mall, Saket","13315008000567","State License","Active","2023-03-31T20:53:25.835074+02:00","2024-09-18T19:00:08.060154+02:00","fssai"
"3661390","Konkan Railway - Food Vending Establishment","SRISHTI PUBLIC CHARITABLE TRUST","Tea Museum,Srishti - Deli confectionery Unit Outlet,17/686, LFGS Road,Nullathanni,Munnar","11317006000084","State License","Active","2023-03-31T19:01:52.368226+02:00","2024-09-18T19:35:33.690526+02:00","fssai"
"3774185","Trade_Retail - Retailer","V5 PUBLICATIONS PRIVATE LIMITED ","No.17 B-2, 17 B-3, 17 B-4 WARD No.4, YELAHANAKA NEW TOWN , BANGALORE","11222331001662","State License","Active","2023-03-31T13:20:24.106651+02:00","2024-11-06T16:00:12.760435+01:00","fssai"
"3785435","Konkan Railway - Food Vending Establishment","BHASHYAM  PUBLIC SCHOOL - BHASHYAM  RAMA KRISHNA ","Asst. No.1021137440, Gorantla , Guntur","10121007000073","State License","Active","2023-03-31T19:06:09.457764+02:00","2024-09-18T19:35:45.471227+02:00","fssai"
"3699519","Indian Railways - Club_Canteen","m/s new public school","sect-18b","13013001001282","State License","Active","2023-03-31T14:08:57.669903+02:00","2024-09-18T17:56:54.735385+02:00","fssai"
"2818881","Food Services - Club_Canteen","m/s new public school","sect-18b","13013001001282","State License","Active","2023-03-27T06:54:05.687878+02:00","2024-09-18T16:13:40.045881+02:00","fssai"
"4017509","Konkan Railway - Club_Canteen","RAJSHREE PUBLIC SCHOOL RESIDENTIAL","SECRETORY - PATIL DNYANOBA URF DILIP GOVINDRAO, SAI NAGAR AMBEDKAR CHOWK LATUR ROAD NANDED-431603","11520048000142","State License","Active","2023-03-31T22:55:42.835366+02:00","2024-09-18T19:19:53.429397+02:00","fssai"
"3926318","Airport_Seaport - Retailer","SRISHTI - A PUBLIC CHARITABLE TRUST","Srishti Public Charitable Trust,Kurinji Cafe &Bakery outlet,Moolakkadai Junction,Munnar","11317006000082","State License","Active","2023-03-29T16:18:17.689212+02:00","2024-09-18T17:03:31.2564+02:00","fssai"
"3929844","Indian Railways - Club_Canteen","Delhi Public School","DPS Campus k. no. 102/214,103/3 Near Water World,Nipania indore","11419850000486","State License","Active","2023-03-31T14:05:20.839853+02:00","2024-09-18T17:57:32.903743+02:00","fssai"
"3951178","Central Govt Agencies - Retailer","ADWALL OUTDOOR PUBLICITY ","1ST FLOOR,SHOP NO- 141, CRYSTAL COMPLEX, M G ROAD, CHITAKHANA CHOWK, JUNAGADH","10721999001226","Central License","Active","2023-03-31T21:59:52.495324+02:00","2024-09-18T19:04:54.898736+02:00","fssai"
"4035662","Airport_Seaport - Retailer","ADWALL OUTDOOR PUBLICITY ","1ST FLOOR,SHOP NO- 141, CRYSTAL COMPLEX, M G ROAD, CHITAKHANA CHOWK, JUNAGADH","10721999001226","Central License","Active","2023-03-31T15:16:06.35038+02:00","2024-09-18T17:04:58.206815+02:00","fssai"
"4109203","Konkan Railway - Restaurants","THE PUBLIC HOUSE ","MAHADEV COMMERCIAL COMPLEX LOWER GROUND  FLOOR OPP. BOARD OFFICE SHIVAJI NAGAR LINK ROAD 1 BHOPAL MP","11422010000197","State License","Active","2023-03-31T18:34:10.142812+02:00","2024-09-18T19:29:01.058884+02:00","fssai"
"4077510","Indian Railways - Club_Canteen","Delhi Public School ( A Unit Of Jagran Social Welfare Society)","DPS Kolar Road Bhopal Campus, Bairagarh Chichli Kolar Road Bhopal","11419010000396","State License","Active","2023-03-31T14:05:23.6563+02:00","2024-09-18T17:57:39.153671+02:00","fssai"
"4109836","Indian Railways - Club_Canteen","Delhi Public School","Chidbana Road","12722064000138","State License","Active","2023-03-31T14:10:12.402402+02:00","2024-09-18T17:57:29.678806+02:00","fssai"
"4146449","Konkan Railway - Club_Canteen","CRESCENT CASTLE PUBLIC SCHOOL","D.NO-59/B1,COONOOR ROAD, UDHAGAMANDALAM.","12422021000440","State License","Active","2023-03-31T22:55:16.748764+02:00","2024-09-18T19:19:47.411444+02:00","fssai"
"4109868","Indian Railways - Club_Canteen","BRINDAVAN PUBLIC SCHOOL","D.NO-90 A&B, WELLIGTON BAZAAR POST, COONOOR.","12422021000204","State License","Active","2023-03-31T14:10:13.810539+02:00","2024-09-18T17:57:31.056601+02:00","fssai"
"4113099","Konkan Railway - Restaurants","M/S SALIVATE THE FOOD SALOON (PROP SHUGUFTA FATIMA W/O VIKAZ AHMED) NEAR INTERNATIONAL DELHI PUBLIC SCHOOL, SUNJWAN ","NEAR INTERNATIONAL DELHI PUBLIC SCHOOL SUNJWAN ","11022130000187","State License","Active","2023-03-31T18:43:41.135765+02:00","2024-09-18T19:29:40.023472+02:00","fssai"
"1378506","Food Services - Club_Canteen","VIDHYA NIKETAN PUBLIC SCHOOL","NO:21/17-18, PULIYAKULAM ROAD,COIMBATORE.","12419003000171","State License","Active","2023-03-27T04:11:00.857584+02:00","2024-09-18T16:13:12.921378+02:00","fssai"
"4142932","Central Govt Agencies - Retailer","M/s  Public General Store","Bhoor  Chauraha  Bulandshahr, Post Khas, Thana Kotwali Dehat","12717054000270","State License","Active","2023-03-31T22:03:37.944199+02:00","2024-09-18T19:08:26.141659+02:00","fssai"
"4274722","Indian Railways - Caterer","SHRI SHANESHWAR DEVASTHAN PUBLIC TRUST ADHYAKSHA","A/P M.NO.1/28 SHINGNAPUR TAL NEWASA DIST AHMEDNAGAR","11519033000036","State License","Active","2023-03-31T18:02:16.023683+02:00","2024-09-18T17:32:47.500379+02:00","fssai"
"4152246","Indian Railways - Club_Canteen","THE INDIAN PUBLIC SCHOOL","CHENNIMALAI ROAD, SENAPATHYPALAYAM, GOUNDACHIPALAYAM POST, ERODE,","12421007000231","State License","Active","2023-03-31T14:07:23.586555+02:00","2024-09-18T17:57:24.051379+02:00","fssai"
"4244280","Konkan Railway - Restaurants","GLOBE PHARMA PUBLICATIONS PRIVATE LIMTED (CHICAGO PIZZA)","SHOP NO 6 & 7, NEW SHANTI VAN CHSL., PLOT NO 70, NEW LINK ROAD, ANDHERI WEST,  ","11521006000176","State License","Active","2023-03-31T18:33:12.326369+02:00","2024-09-18T19:28:56.061604+02:00","fssai"
"142088011","Trade_Retail - Importer","SRI CHIDRUPA PRODUCTS SERVICES PUBLICATIONS PRIVATE LIMITED","H NO 2-1-563/14, OPP TO SHANKERMUTT, TEMPLE ,NALLAKUNTA ,","13624999000175","Central License","Active","2024-03-27T14:57:08.132029+01:00","2024-11-06T15:14:02.820935+01:00","fssai"
"179449","Trade_Retail - Supplier","INTEGRATED PUBLIC SAFETY SYSTEMS PRIVATE LIMITED","(1)UNIT C, BLOCK NO. 796, OPP. HOTEL ALPHA, ASLAI, BY PASS ROAD, N.H.-8, ASLALI, AHMEDABAD-382427 (2)BLOCK NO. 816, 817, 818, 819 & 820, OPP. ALFA HOTEL, ASLALI, TA:DASKROI, AHMEDABAD-382427","10718002000146","State License","Active","2023-03-16T08:38:53.239932+01:00","2024-11-06T15:16:11.318841+01:00","fssai"
"2499434","Trade_Retail - Distributor","ADWALL OUTDOOR PUBLICITY ","1ST FLOOR,SHOP NO- 141, CRYSTAL COMPLEX, M G ROAD, CHITAKHANA CHOWK, JUNAGADH","10721999001226","Central License","Active","2023-03-31T10:45:11.1559+02:00","2025-03-18T15:51:11.051933+01:00","fssai"
"285055516","Indian Railways - Club_Canteen","M/S. DELHI PUBLIC SCHOOL GAYA","DUBHAL, PO- CHAND CHAURA, PS- MAGADH MEDICAL","10424200000143","State License","Active","2024-07-17T17:14:00.981716+02:00","2024-09-18T17:57:35.50725+02:00","fssai"
"190231923","Central Govt Agencies - Distributor","RAHUL PUBLICATION","RAHUL KUMAR S/O BHOLA SAH-AT-RAJKUMARGANJ-PO-LALBAGH-PS-NAGAR","10424310000094","State License","Active","2024-05-01T18:21:33.18344+02:00","2024-09-18T18:39:07.895225+02:00","fssai"
"4418882","Food Services - Food Vending Establishment","BHASHYAM  PUBLIC SCHOOL - BHASHYAM  RAMA KRISHNA ","Asst. No.1021165445, Gorantla , Guntur ","10121007000075","State License","Active","2023-03-27T02:09:17.25465+02:00","2024-09-18T16:11:19.912279+02:00","fssai"
"4423701","Central Govt Agencies - Retailer","M/S PUBLIC GROCERY STORE","NEAR AASTHA HOSPITAL, BARNALA ROAD, NIHAL SINGH WALA","12121521000038","State License","Active","2023-03-31T21:23:21.52843+02:00","2024-09-18T19:02:51.473731+02:00","fssai"
"4361673","Konkan Railway - Caterer","THE NEW DIGAMBER PUBLIC SCHOOL TIRTHANJALI EDU COMPANY","KHASRA NO.65/1,65/2,75/2,76/2 LIMBODI KHANDAWA ROAD INDORE","11414850001080","State License","Active","2023-03-31T22:37:02.239434+02:00","2024-09-18T19:16:28.576039+02:00","fssai"
"4364006","Food Services - Mid-Day meal - Canteen","DALHOUSIE PUBLIC SCHOOL,DALHOUSIE","DALHOUSIE PUBLIC SCHOOL, DALHOUSIE","10921002000029","State License","Active","2023-03-26T18:04:04.313888+02:00","2024-09-18T16:08:53.709959+02:00","fssai"
"6296482","Indian Railways - Storage (Except Controlled Atmosphere and Cold)","M/S BANARASI DAS PRAMOD KUMAR PROP- PRAMOD KUMAR JAIN S/O BANARASI DAS JAIN R/O NEAR HOLY PUBLIC SCHOOL SIKANDRA AGRA","NEAR FCI GODOWN G T ROAD ETAH","12721059000007","State License","Active","2023-03-31T13:34:13.575434+02:00","2024-09-18T17:35:59.277036+02:00","fssai"
"7285703","Central Govt Agencies - Wholesaler","M/S SINGH AGENCIES PRO. NISHA SINGH W/O DHARMENDRA SINGH JPS PUBLIC SCHOOL WORD NO.20 848/KHA NEW RANA NAGAR RAEBARELI 229001","PRO. NISHA SINGH W/O DHARMENDRA SINGH  JPS PUBLIC SCHOOL WORD NO.20 848/KHA NEW RANA NAGAR RAEBARELI","12722071000292","State License","Active","2023-03-31T17:38:54.273175+02:00","2024-09-18T18:21:57.764544+02:00","fssai"
"5297075","Indian Railways - Caterer","SHREE SWAMI SAMARTH VIDYANIKETAN SANCHALIT K R PUBLIC SCHOOL","SARVE NO. 402/2/115B/114B/116, PRATIBHA NAGAR, CHAOUPALE SHIVAR, DHULE ROAD, NANDURBAR TAL-DIST-NANDURBAR 425412 (7755909354)","11519030000039","State License","Active","2023-03-31T18:03:04.677597+02:00","2024-09-18T17:32:48.565804+02:00","fssai"
"338521831","Indian Railways - Club_Canteen","RAVINDRA PUBLIC SCHOOL SANSTHAN JHUNJHUNU","WARD NO 11, KISSAN COLONY","12224031000180","State License","Active","2024-08-28T17:19:16.424677+02:00","2024-09-18T17:57:40.579837+02:00","fssai"
"3017696","Indian Railways - Club_Canteen","AVATAR MEHER BABA PERPETUAL PUBLIC CHARITABLE TRUST","GAT NO 477 ,Arangaon, Meherabad","11523032000151","State License","Active","2023-05-11T07:50:05.848094+02:00","2024-09-18T17:57:29.513472+02:00","fssai"
"362965","Indian Railways - Restaurants","PRAKASH BHAI PATEL S/O BALDEV BHAI JI M/S PATEL PARBHUDAS KISHORDAS BIDIWALA PUBLIC TRUST , NATHDWAR","M/S PATEL PARBHUDAS KISHORDAS BIDIWALA PUBLIC TRUST , NEAR VIDHYA NIKTAN SCHOOL HOTEL MANGLA NATUWAS ,NATHDWARA, RAJSAMAND","12216037000018","State License","Active","2023-03-31T15:02:56.554453+02:00","2024-09-18T17:50:25.518136+02:00","fssai"
"4607689","Indian Railways - Restaurants","M/S REGENCY PUBLIC SCHOOL","BOARDING HOUSE PLACE AND MENU REGENCY PUBLIC SCHOOL REGENCY ENCLAVE RESOURA SITAPUR","12717067000044","State License","Active","2023-03-31T14:53:55.333178+02:00","2024-09-18T17:49:57.749884+02:00","fssai"
"329559248","Indian Railways - Club_Canteen","M/s SHIVANI PUBLIC SCHOOL, GIRIGANI RAHUL VARMA","GIRIGANI RAHUL VARMA, SHIVANI PUBLIC SCHOOL, LAKNEPALLY, NARSAMPET, WARANGAL, 506330","13624004000191","State License","Active","2024-08-21T17:22:18.275414+02:00","2024-09-18T17:57:39.153671+02:00","fssai"
"4693134","Trade_Retail - Marketer","Target Publications Pvt Ltd","Gala no.11A&11B 2nd FLOOR,AROTTO INDUSTRIAL PREMISES CHS,ABOVE SURYE EYE HOSPITAL,63-A,P.K ROAD,MULUND WEST","11521009000445","State License","Active","2023-03-22T07:59:29.048187+01:00","2025-02-22T12:59:43.855935+01:00","fssai"
"4723853","Konkan Railway - Caterer","HOSUR PUBLIC SCHOOL","RAYAKOTTAI HIGHWAYS, KARAPALLI, HOSUR.","12422011000579","State License","Active","2023-03-31T22:43:50.165565+02:00","2024-09-18T19:17:51.114083+02:00","fssai"
"4770053","Central Govt Agencies - Distributor","OASIS PUBLICITY","222, INDALGANJ, MOHIBULLAPUR, SITAPUR ROAD, LUCKNOW","12719066001015","State License","Active","2023-03-31T17:18:09.185911+02:00","2024-09-18T18:36:19.422948+02:00","fssai"
"4753515","Airport_Seaport - Retailer","M/s  Public General Store","Bhoor  Chauraha  Bulandshahr, Post Khas, Thana Kotwali Dehat","12717054000270","State License","Active","2023-03-29T16:57:18.795761+02:00","2024-09-18T17:08:42.064643+02:00","fssai"
"4810806","Indian Railways - Food Vending Establishment","SRISHTI PUBLIC CHARITABLE TRUST","Tea Museum,Srishti - Deli confectionery Unit Outlet,17/686, LFGS Road,Nullathanni,Munnar","11317006000084","State License","Active","2023-03-31T13:57:46.598278+02:00","2024-09-18T17:40:05.563292+02:00","fssai"
"4800277","Konkan Railway - Food Vending Establishment","VETRIVIKAS PUBLIC SCHOOL HOSTEL/BALASUBRAMANIAN C","NAMAKKAL MAINROAD,RASIPURAM TOWN,RASIPURAM(TK)","12421014000191","State License","Active","2023-03-31T19:06:53.69855+02:00","2024-05-22T19:21:05.683621+02:00","fssai"
"7785215","Trade_Retail - Wholesaler","M/S SINGH AGENCIES PRO. NISHA SINGH W/O DHARMENDRA SINGH JPS PUBLIC SCHOOL WORD NO.20 848/KHA NEW RANA NAGAR RAEBARELI 229001","PRO. NISHA SINGH W/O DHARMENDRA SINGH  JPS PUBLIC SCHOOL WORD NO.20 848/KHA NEW RANA NAGAR RAEBARELI","12722071000292","State License","Active","2023-03-22T04:43:07.248117+01:00","2025-02-09T14:38:42.448643+01:00","fssai"
"4858734","Konkan Railway - Club_Canteen","THE INDIAN PUBLIC SCHOOL","S F NO 371/1&379/1,PAZHAMAPURAM,POOLAMPALAYAM POST,PUNNAM VILLAGE,KARUR","12421010000290","State License","Active","2023-03-31T22:52:43.558498+02:00","2024-09-18T19:19:24.849924+02:00","fssai"
"3394593","Trade_Retail - Wholesaler","M/S MAA MAHAKALI SERVICES ,GOLDEN PUBLIC SCHOOL ,NA ,W,NO-07, NH 327, CHAKLA NIRMALI ,SUPAUL","M/S MAA MAHAKALI SERVICES ,GOLDEN PUBLIC SCHOOL ,NA , W.NO-07, NH 327, CHAKLA NIRMALI ,SUPAUL","10423300000017","State License","Active","2023-03-21T22:12:10.724238+01:00","2025-02-09T14:38:29.935937+01:00","fssai"
"4818795","Konkan Railway - Club_Canteen","GURUKUL PUBLIC SCHOOL CANTEEN","At/Po Haridaspur, Ps: Dharmasala, Dist: Jajpur","12017013000212","State License","Active","2023-03-31T22:54:27.831182+02:00","2024-09-18T19:20:05.471371+02:00","fssai"
"4846772","Food Services - Club_Canteen","Delhi Public School","DPS Campus k. no. 102/214,103/3 Near Water World,Nipania indore","11419850000486","State License","Active","2023-03-27T05:29:54.837726+02:00","2024-09-18T16:14:12.038042+02:00","fssai"
"4869477","Konkan Railway - Club_Canteen","VIDHYA NIKETAN PUBLIC SCHOOL","NO:21/17-18, PULIYAKULAM ROAD,COIMBATORE.","12419003000171","State License","Active","2023-03-31T22:48:44.108638+02:00","2024-09-18T19:18:57.654168+02:00","fssai"
"4888577","Konkan Railway - Club_Canteen","INDIAN PUBLIC SCHOOL CANTEEN","KHETRAJPUR REMED ROAD,KHETRAJPUR, SAMBALPUR","12017037000086","State License","Active","2023-03-31T22:53:09.691902+02:00","2024-09-18T19:19:53.700702+02:00","fssai"
"4964762","Central Govt Agencies - Distributor","ADWALL OUTDOOR PUBLICITY ","1ST FLOOR,SHOP NO- 141, CRYSTAL COMPLEX, M G ROAD, CHITAKHANA CHOWK, JUNAGADH","10721999001226","Central License","Active","2023-03-31T17:21:04.015457+02:00","2024-09-18T18:36:25.552321+02:00","fssai"
"4938109","Airport_Seaport - Distributor","OASIS PUBLICITY","222, INDALGANJ, MOHIBULLAPUR, SITAPUR ROAD, LUCKNOW","12719066001015","State License","Active","2023-03-31T17:33:05.464332+02:00","2024-09-18T17:24:26.473947+02:00","fssai"
"4953884","Konkan Railway - Club_Canteen","RIVERSIDE PUBLIC SCHOOL","CORSLEY ROAD, KOTAGIRI","12423021000027","State License","Active","2023-03-31T22:55:39.181612+02:00","2024-09-18T19:19:49.49361+02:00","fssai"
"4909401","Konkan Railway - Food Vending Establishment","DR. VIJAYA OLD AGE HOME RUN BY RANGACHARI RAJALAKSHMI PUBLIC CHARITABLE TRUST ","3/772, BALAKRISHNA NAGAR, PILLAIYARPATTI, VALLAM, THANJAVUR ","12423020000207","State License","Active","2023-03-31T19:07:23.393996+02:00","2024-09-18T19:36:19.760674+02:00","fssai"
"4934925","Food Services - Club_Canteen","SCHOOL HOSTEL THE GREEN HILLS PUBLIC SCHOOL ","17/157 SCHOOL HOSTEL THE GREEN HILLS PUBLIC SCHOOL MOOLANKAVE PO ","11318012000255","State License","Active","2023-03-27T06:08:08.971516+02:00","2024-09-18T16:13:32.988979+02:00","fssai"
"4962543","Konkan Railway - Club_Canteen","ORIENTAL PUBLIC SCHOOL ","AT-TEGHARI KISHANGANJ ","10423370000021","State License","Active","2023-03-31T22:55:47.256578+02:00","2024-09-18T19:19:41.779096+02:00","fssai"
"4987702","Food Services - Caterer","THE PUNJAB PUBLIC SCHOOL NABHA","SENIOR AND JUNIOR MESS, PPS NABHA","12121681000358","State License","Active","2023-03-26T15:20:30.021298+02:00","2024-09-18T16:08:32.16845+02:00","fssai"
"4981887","Konkan Railway - Club_Canteen","THE OPTIMUS PUBLIC SCHOOL","550-B ,KAVINDAPADI MAIN ROAD,SEVAGOUNDANUR,PERIYAPULIYUR(PO),BHAVANI(TK)))","12422007000251","State License","Active","2023-03-31T22:53:15.061655+02:00","2024-09-18T19:19:28.090743+02:00","fssai"
"4981150","Konkan Railway - Club_Canteen","BIJENDRA PUBLIC SCHOOL ","ABHAS KUMAR MISHRA S/O-BHUBANESHWAR MISHRA AT-NH31, MARANGA ","10423340000111","State License","Active","2023-05-31T05:44:27.397558+02:00","2024-09-18T19:19:59.445341+02:00","fssai"
"5030204","Airport_Seaport - Retailer","M/S-NIRMAL PUBLIC HEALTH SERVICE CENTRE. PROP.-SISTER RITTY. S/O-LATE.GREGORY CHACKO. MOB-8521657945","CHURCH GATE NEAR PAR NAWADA GAYA ROAD","10423210000018","State License","Active","2023-03-29T17:21:24.542847+02:00","2024-09-18T17:09:54.358335+02:00","fssai"
"5017695","Konkan Railway - Club_Canteen","DAYANAND PUBLIC SCHOOL","C/O- ISWAR PANIGRAHI, S/O-  RAMACHANDRA PANIGRAHI, AT- RASERAM VIHAR, PADIABAHAL, SAMBALPUR","12023028000022","State License","Active","2023-08-04T08:01:35.654498+02:00","2024-09-18T19:20:06.161235+02:00","fssai"
"5022484","Indian Railways - Club_Canteen","LUCKNOW PUBLIC SCHOOL MESS AND CANTEEN","L R P CHAURAHA GOLA ROAD LAKHIMPUR","12718068000118","State License","Active","2023-03-31T14:04:44.809977+02:00","2024-09-18T17:57:12.492747+02:00","fssai"
"5067399","Indian Railways - Club_Canteen","HOSUR PUBLIC SCHOOL","RAYAKOTTAI HIGHWAYS, KARAPALLI, HOSUR.","12422011000579","State License","Active","2023-03-31T14:11:25.669635+02:00","2024-09-18T17:57:37.502833+02:00","fssai"
"5039491","Indian Railways - Club_Canteen","SCHOOL HOSTEL THE GREEN HILLS PUBLIC SCHOOL ","17/157 SCHOOL HOSTEL THE GREEN HILLS PUBLIC SCHOOL MOOLANKAVE PO ","11318012000255","State License","Active","2023-03-31T14:06:56.526021+02:00","2024-09-18T17:56:46.880347+02:00","fssai"
"258205374","Indian Railways - Food Vending Establishment","WARDEN. AKSHARA INTERNATIONAL PUBLIC SCHOOL.","HOSTEL  KOWDLE , MADDUR TALUK, MANDYA DISTRICT.","11224322000256","State License","Active","2024-06-26T19:24:37.590937+02:00","2024-09-18T17:41:01.444042+02:00","fssai"
"255867266","Food Services - Club_Canteen","DELHI PUBLIC SCHOOL","SECTOR-12, R.K. PURAM ","13324009000280","State License","Active","2024-06-26T18:00:08.049188+02:00","2024-09-18T16:14:13.631751+02:00","fssai"
"5096346","Indian Railways - Club_Canteen","A.V.P. TRUST PUBLIC SENIOR SECONDARY SCHOOL (CBSE)","A.V.P. LAYOUT, GANDHI NAGAR, TIRUPUR","12423027000604","State License","Active","2023-07-24T04:07:21.519886+02:00","2024-09-18T17:57:32.629353+02:00","fssai"
"5072065","Indian Railways - Caterer","BATRA HOSPITAL AND MEDICAL RESEARCH CENTRE OF CH. AISHI RAM BATRA PUBLIC CHARITABLE TRUST","1, TUGHLAKABAD INSTITUTIONAL AREA, M.B. ROAD, NEW DELHI","13321010000186","State License","Active","2023-03-31T17:58:22.524499+02:00","2024-09-18T17:31:10.103156+02:00","fssai"
"5629689","Trade_Retail - Retailer","M/S PUBLIC GROCERY STORE","NEAR AASTHA HOSPITAL, BARNALA ROAD, NIHAL SINGH WALA","12121521000038","State License","Active","2023-03-31T12:21:05.611936+02:00","2024-11-06T15:56:49.222409+01:00","fssai"
"95858506","Indian Railways - Club_Canteen","M E T PUBLIC SCHOOL ","M E T PUBLIC SCHOOL , KALLACHI(PO), NADAPURAM, VATAKARA","11324011000209","State License","Active","2024-02-14T17:30:49.397297+01:00","2024-09-18T17:57:22.497889+02:00","fssai"
"5264344","Food Services - Food Vending Establishment","BHASHYAM  PUBLIC SCHOOL - BHASHYAM  RAMA KRISHNA ","Asst. No.1021137440, Gorantla , Guntur","10121007000073","State License","Active","2023-03-27T02:09:17.217035+02:00","2024-09-18T16:11:19.912279+02:00","fssai"
"5258008","Food Services - Club_Canteen","GURUKUL PUBLIC SCHOOL CANTEEN","At/Po Haridaspur, Ps: Dharmasala, Dist: Jajpur","12017013000212","State License","Active","2023-03-27T07:52:20.563232+02:00","2024-09-18T16:14:16.103029+02:00","fssai"
"5264378","Food Services - Food Vending Establishment","BHASHYAM PUBLIC SCHOOL - BHASHYAM  RAMA  KRISHNA","Asst. No1021137176, Gorantla, Guntur","10121007000072","State License","Active","2023-03-27T02:09:22.263312+02:00","2024-09-18T16:11:19.912279+02:00","fssai"
"5224970","Airport_Seaport - Distributor","M/S BANARASI DAS PRAMOD KUMAR PROP- PRAMOD KUMAR JAIN S/O BANARASI DAS JAIN R/O NEAR HOLY PUBLIC SCHOOL SIKANDRA AGRA","NEAR FCI GODOWN G T ROAD ETAH","12721059000007","State License","Active","2023-03-31T17:42:57.618887+02:00","2024-09-18T17:24:47.661148+02:00","fssai"
"5328018","Konkan Railway - Club_Canteen","NATIONAL PUBLIC SCHOOL /NOBLE FRIENDS FOUNDATION","AIRPORT ROAD OPPOSITE BIJASAN TEMPLE","11423850000960","State License","Active","2023-09-23T17:53:49.55327+02:00","2024-09-18T19:20:02.556941+02:00","fssai"
"5272850","Food Services - Club_Canteen","THE INDIAN PUBLIC SCHOOL","SF. No.33/1B1, 33/1B2 of Vandiyur Bit -1 Village, Karuppayurani","12422012002259","State License","Active","2023-03-27T07:54:13.554403+02:00","2024-09-18T16:13:46.457024+02:00","fssai"
"5298780","Food Services - Club_Canteen","DELHI PUBLIC SCHOOL HOSTEL","DAGAPUR,P.O&P.S PRADHAN NAGAR","12822006000426","State License","Active","2023-03-27T08:08:53.807575+02:00","2024-09-18T16:13:54.436494+02:00","fssai"
"5374271","Food Services - Club_Canteen","CRESCENT CASTLE PUBLIC SCHOOL","D.NO-59/B1,COONOOR ROAD, UDHAGAMANDALAM.","12422021000440","State License","Active","2023-03-27T08:25:29.441345+02:00","2024-09-18T16:13:58.669169+02:00","fssai"
"5337446","Food Services - Club_Canteen","SATYA PRAKASH PUBLIC SCHOOL","POLIPATHAR, JABALPUR","11421170000249","State License","Active","2023-03-27T08:23:50.67763+02:00","2024-09-18T16:14:01.103023+02:00","fssai"
"6503207","Trade_Retail - Wholesaler","M/s S.M Traders(Prop Sahil Mahajan S/o Sh Parveen Kumar Gupta R/o 125, Lane 10, Adarsh Vihar, Near Jodhamal Public School, Sainik Colony)","Ext 24-A Nehru Market","11022150000424","State License","Active","2023-03-20T07:50:30.948136+01:00","2025-02-09T14:36:25.404059+01:00","fssai"
"5450377","Central Govt Agencies - Distributor","V5 PUBLICATIONS PRIVATE LIMITED ","No.17 B-2, 17 B-3, 17 B-4 WARD No.4, YELAHANAKA NEW TOWN , BANGALORE","11222331001662","State License","Active","2023-03-31T17:22:48.828022+02:00","2024-09-18T18:36:36.632352+02:00","fssai"
"253511982","Trade_Retail - Wholesaler","V ENTERPRISES/ VEERENDRA KUMAR  S GROUND FLOOR 225/223/13/1/13/2/A1 SRI KRISHNA KRUPA MARALUBAGILU MAIN ROAD SHREENIKETHAN PUBLIC SCHOOL MARALABAGILU MARALABAGAL ROAD DEVANAHALLI BANGALORE RURAL","GROUND FLOOR 225/223/13/1/13/2/A1 SRI KRISHNA KRUPA MARALUBAGILU MAIN ROAD SHREENIKETHAN PUBLIC SCHOOL MARALABAGILU MARALBAGAL ROAD DEVANAHALLI BANGALORE RURAL","11224303000371","State License","Active","2024-06-26T16:28:06.158287+02:00","2025-02-09T14:39:53.166728+01:00","fssai"
"5521634","Food Services - Club_Canteen","NATIONAL PUBLIC SCHOOL ","VEPPANATHAM,VAGURAMPATTY,TRICHY ROAD","12422014000213","State License","Active","2023-03-27T07:10:33.280848+02:00","2024-09-18T16:13:42.253786+02:00","fssai"
"5462434","Food Services - Club_Canteen","AVATAR MEHER BABA PERPETUAL PUBLIC CHARITABLE TRUST","GAT NO 477 ,Arangaon, Meherabad","11523032000151","State License","Active","2023-05-11T03:25:01.983048+02:00","2024-09-18T16:14:09.061404+02:00","fssai"
"5474214","Airport_Seaport - Retailer","V5 PUBLICATIONS PRIVATE LIMITED ","No.17 B-2, 17 B-3, 17 B-4 WARD No.4, YELAHANAKA NEW TOWN , BANGALORE","11222331001662","State License","Active","2023-03-31T15:20:30.64558+02:00","2024-09-18T17:05:23.952767+02:00","fssai"
"5490869","Food Services - Club_Canteen","BIJENDRA PUBLIC SCHOOL ","ABHAS KUMAR MISHRA S/O-BHUBANESHWAR MISHRA AT-NH31, MARANGA ","10423340000111","State License","Active","2023-05-30T21:11:43.923538+02:00","2024-09-18T16:14:10.425829+02:00","fssai"
"6825051","Indian Railways - Food Vending Establishment","JAWAHARLAL SHIKSHAN PRASARAK MANDAL SANCHLITI M/S. SHANTINIKETAN PUBLIC SCHOOL HOSTEL","SOW. SHASHIKALA SAMBHAJIRAO BIRADARH.NO.2041 MALEGAON TQ.ARDHAPUR DIST. NANDED-431750","11520048000117","State License","Active","2023-03-31T14:03:03.961573+02:00","2024-09-18T17:40:39.539305+02:00","fssai"
"5528881","Food Services - Club_Canteen","BISHNUPUR PUBLIC INSTITUTE OF MEDICAL SCIENCE HOSPITAL UNIT- I","VILL-SIROMONIPUR,P.O.+P.S.-BISHNUPUR,DIST-BANKURA","12823029000058","State License","Active","2023-06-01T20:26:13.505144+02:00","2024-09-18T16:14:12.246441+02:00","fssai"
"5537278","Indian Railways - Storage (Except Controlled Atmosphere and Cold)","M/S PADMAVATI AGENCIES PROP- PRASHANT JAIN S/O PRAMOD KUMAR JAIN R/O NEAR HOLY PUBLIC SCHOOL SIKANDRA AGRA","NEAR FCI GODOWN G T ROAD ETAH","12721059000008","State License","Active","2023-03-31T13:34:34.568639+02:00","2024-09-18T17:36:00.308445+02:00","fssai"
"5542297","Airport_Seaport - Distributor","V5 PUBLICATIONS PRIVATE LIMITED ","No.17 B-2, 17 B-3, 17 B-4 WARD No.4, YELAHANAKA NEW TOWN , BANGALORE","11222331001662","State License","Active","2023-03-31T17:37:36.664589+02:00","2024-09-18T17:24:42.893369+02:00","fssai"
"333288750","Trade_Retail - Wholesaler","M/S PUBLIC MEDICAL AGENCY","BLOCK-B, ROOM NO-7, 1ST FOOR,LALGOLA MAHARAJA ROAD MARKET","12824011000206","State License","Active","2024-08-28T14:36:25.223955+02:00","2025-02-09T14:40:25.147273+01:00","fssai"
"1949722","Trade_Retail - Retailer","SRISHTI - A PUBLIC CHARITABLE TRUST","Srishti Public Charitable Trust,Kurinji Cafe &Bakery outlet,Moolakkadai Junction,Munnar","11317006000082","State License","Active","2023-03-31T12:33:48.861923+02:00","2024-11-06T15:57:42.456865+01:00","fssai"
"48588569","Konkan Railway - Food Vending Establishment","R.S.N.V. FOUNDATION (A PUBLIC CHARITABLE TRUST)","SHARANALAYAM - PRIYAM, S.F.NO:4/4, PANIKKAMPATTI ROAD, A.SANGAMMPALAYAM VILLAGE, POLLACHI (TK)","12423003003611","State License","Active","2024-01-03T19:15:45.326133+01:00","2024-09-18T19:36:05.205065+02:00","fssai"
"7827159","Trade_Retail - Wholesaler","MAHADEV ENETERPRISES PROP. SURAJ KUMAR C/O ANUP TIWARI WARD NO. 21 NEAR LAKSHYA PUBLIC SCHOOL KUDRA BYPASS ROAD BHABUA, P.O+P.S- BHABUA, DIST- KAIMUR (BHABUA) , STATE-BIHAR 821101","MAHADEV ENTERPRISES PROP. SURAJ KUMAR C/O ANUP TIWARI WARD NO. 21 NEAR LAKSHYA PUBLIC SCHOOL  KUDRA BYPASS ROAD BHABUA, P.O+P.S- BHABUA, DIST- KAIMUR (BHABUA), STATE- BIHAR 821101","10423050000085","State License","Active","2023-08-31T14:29:57.123503+02:00","2025-02-09T14:40:32.158378+01:00","fssai"
"7584942","Trade_Retail - Trader_Merchant - Exporter","V5 PUBLICATIONS PRIVATE LIMITED ","LMN Arcade No.17/B-2, 17/B-3, 17/B-4, Ward No.4, Doddabalapura Main Road, Yelahanka New Town, Bangalore","11222331001662","Central License","Active","2023-04-17T12:37:04.261805+02:00","2024-11-06T15:07:46.907349+01:00","fssai"
"341209164","Konkan Railway - Food Vending Establishment","RAVINDRA PUBLIC SCHOOL SANSTHAN JHUNJHUNU","WARD NO 11, KISSAN COLONY","12224031000180","State License","Active","2024-08-28T18:41:51.443659+02:00","2024-09-18T19:36:38.174172+02:00","fssai"
"5763999","Konkan Railway - Club_Canteen","SCHOOL HOSTEL THE GREEN HILLS PUBLIC SCHOOL ","17/157 SCHOOL HOSTEL THE GREEN HILLS PUBLIC SCHOOL MOOLANKAVE PO ","11318012000255","State License","Active","2023-03-31T22:51:46.526895+02:00","2024-09-18T19:19:18.68616+02:00","fssai"
"5765556","Konkan Railway - Club_Canteen","Gedee Public School","634/2, Eachanari - Chettipalayam Road, Eachanari PO (B.O), Coimbatore - 641021","12418003001363","State License","Active","2023-03-31T22:55:19.48475+02:00","2024-09-18T19:19:36.022911+02:00","fssai"
"365108049","Indian Railways - Food Vending Establishment","DAV PUBLIC SCHOOL ","Ashok Vihar, PH-IV, Delhi-110052, India","13324001000694","State License","Active","2024-09-18T17:41:03.807565+02:00","2024-09-18T17:41:03.807565+02:00","fssai"
"5851202","Indian Railways - Club_Canteen","SHRI GURUKUL VIDHYAPEETH AMAHIYA (MAHARAJA PUBLIC SCHOOL)","NH 30, BELA-SATNA ROAD","11422450000020","State License","Active","2023-03-31T14:08:46.566435+02:00","2024-09-18T17:56:54.148645+02:00","fssai"
"5866117","Indian Railways - Food Vending Establishment","Him Academy Public School / Des Raj Head Chef","Vikas Nagar P.O. Daruhi Tehsil and Distt Hamirpur","10919003000026","State License","Active","2023-03-31T13:51:09.419169+02:00","2024-09-18T17:40:54.382806+02:00","fssai"
"5973574","Konkan Railway - Club_Canteen","SHRI GURUKUL VIDHYAPEETH AMAHIYA (MAHARAJA PUBLIC SCHOOL)","NH 30, BELA-SATNA ROAD","11422450000020","State License","Active","2023-03-31T22:52:49.21155+02:00","2024-09-18T19:19:25.46007+02:00","fssai"
"5868439","Airport_Seaport - Storage (Cold _ Refrigerated)","OASIS PUBLICITY","222, INDALGANJ, MOHIBULLAPUR, SITAPUR ROAD, LUCKNOW","12719066001015","State License","Active","2023-03-31T11:28:27.04676+02:00","2024-09-18T16:39:57.246654+02:00","fssai"
"7722641","Central Govt Agencies - Storage (Except Controlled Atmosphere and Cold)","M/S BANARASI DAS PRAMOD KUMAR PROP- PRAMOD KUMAR JAIN S/O BANARASI DAS JAIN R/O NEAR HOLY PUBLIC SCHOOL SIKANDRA AGRA","NEAR FCI GODOWN G T ROAD ETAH","12721059000007","State License","Active","2023-03-31T14:39:16.194963+02:00","2024-09-18T18:01:12.870719+02:00","fssai"
"5886284","Indian Railways - Club_Canteen","THE INDIAN PUBLIC SCHOOL","SF.NO.118, 30, KARAIPUDUR VILLAGE,ARULPURAM,PALLADAM (TK)","12417027000633","State License","Active","2023-03-31T14:11:33.751343+02:00","2024-09-18T17:57:02.228351+02:00","fssai"
"5901972","Airport_Seaport - Retailer","SRISHTI PUBLIC CHARITABLE TRUST","The Deli-Confectionery Unit Outlet,Srishti Public Charitable Trust,KDHP Sales Outlet,KDHP House,Munnar","11317006000083","State License","Active","2023-03-29T16:18:17.634477+02:00","2024-09-18T17:03:31.2564+02:00","fssai"
"5924394","Indian Railways - Club_Canteen","THE INDIAN PUBLIC SCHOOL PVT LTD","PLOT NO.1A/4&1A/5, 2ND CROSS MAIN ROAD, AMBATTUR INDUSTRIAL ESTATE, AMBATTUR","12421023001899","State License","Active","2023-03-31T14:10:48.397453+02:00","2024-09-18T17:57:00.2604+02:00","fssai"
"5935668","Konkan Railway - Club_Canteen","DHARMAR MURUGIAH,Global Public School'CANTEEN'","DHARMAR MURUGIAH,Global Public School'CANTEEN',12/310-C,OEN Junction,Thiruvaniyoor","11316007000334","State License","Active","2023-03-31T22:53:50.149736+02:00","2024-09-18T19:19:58.845589+02:00","fssai"
"5942711","Indian Railways - Food Vending Establishment","BHASHYAM PUBLIC SCHOOL - BHASHYAM  RAMA KRISHNA","Asst. No.1021137526, Gorantla","10121007000074","State License","Active","2023-03-31T14:02:04.766528+02:00","2024-09-18T17:40:16.519955+02:00","fssai"
"6074134","Konkan Railway - Food Vending Establishment","BHASHYAM PUBLIC SCHOOL - BHASHYAM  RAMA KRISHNA","Asst. No.1021137526, Gorantla","10121007000074","State License","Active","2023-03-31T19:06:09.479675+02:00","2024-09-18T19:35:45.471227+02:00","fssai"
"6030433","Airport_Seaport - Retailer","SHREE BALAJI AGENCIES , INFRONT OF GOVIND PUBLIC SCHOOL, ONDELA ROAD , DHOLPUR","Mukesh Kumar Mittal s/o Mr. Deen Dayal Mittal, Chobdar Mohalla , Dholpur","12222022000042","State License","Active","2023-03-31T14:30:36.244367+02:00","2024-09-18T17:03:29.257291+02:00","fssai"
"6015947","Food Services - Food Vending Establishment","BHASHYAM  PUBLIC SCHOOL  - BHASHYAM RAMA KRISHNA ","Asst. No.1021136756, D.No.11-945/9, Gorantla, Guntur","10121007000076","State License","Active","2023-03-27T02:09:17.273274+02:00","2024-09-18T16:11:19.912279+02:00","fssai"
"6112559","Indian Railways - Club_Canteen","THE INDIAN PUBLIC SCHOOL / DR. S.S. CHINNUSAMI (CHAIRMAN)","S.NO.46/1,46/2, NEAR KURUMBAPATTI ZIOLOGICAL PARK,KANNANKURICHI POST,CHETTICHAVADI, SALEM.","12417018000163","State License","Active","2023-03-31T14:09:20.649414+02:00","2024-09-18T17:56:56.176307+02:00","fssai"
"7865357","Indian Railways - Food Vending Establishment","SHREE VAISHNAV SEVA SAMAJ PUBLIC CHARITABLE TRUST (VASH)","PLOT NO-59-D, SHREE GOVARDHAN NATHJI HAVELI MARG, SECTOR-29, VASHI, NAVI MUMBAI","11523017000271","State License","Active","2023-11-08T16:20:06.880391+01:00","2024-09-18T17:40:32.0455+02:00","fssai"
"6138766","Trade_Retail - Retailer","M/S P & G ENTERPRISES PROP- EKTA JAIN W/O PRASHANT JAIN R/O NEAR HOLY PUBLIC SCHOOL SIKANDRA AGRA","NEAR FCI GODOWN G T ROAD ETAH","12721059000005","State License","Active","2023-03-31T13:36:14.515161+02:00","2024-11-06T16:00:35.643604+01:00","fssai"
"2936876","Central Govt Agencies - Retailer","M/s PUBLIC MEDICAL STORE Proprietor Khalid Mirza S/o Sri Mohammad Mirza ","Ashfaqullah Colony Subhash Nagar Faizabad Ayodhya 224001","12723020000070","State License","Active","2023-03-31T22:23:59.443604+02:00","2024-09-18T19:10:14.432819+02:00","fssai"
"6162798","Food Services - Club_Canteen","DELHI PUBLIC SCHOOL (A UNIT OFJAGRAN SOCIAL WELFARE SOCIETY)","NEAR NEELBAD CROSSING BHADBHADA ROAD BHOPAL","11419010000397","State License","Active","2023-03-27T05:30:58.054961+02:00","2024-09-18T16:14:08.747824+02:00","fssai"
"6249294","Trade_Retail - Retailer","OASIS PUBLICITY","222, INDALGANJ, MOHIBULLAPUR, SITAPUR ROAD, LUCKNOW","12719066001015","State License","Active","2023-03-31T13:09:54.298224+02:00","2024-11-06T16:13:14.726636+01:00","fssai"
"6277653","Indian Railways - Club_Canteen","THE INDIAN PUBLIC SCHOOL PVT LTD`","PLOT NO.44&53, DEVELOPED PLOTS, INDUSTRIAL ESTATE, PERUNGUDI","12421008003698","State License","Active","2023-03-31T14:10:27.93199+02:00","2024-09-18T17:57:31.821499+02:00","fssai"
"148391626","Central Govt Agencies - Retailer","SRI CHIDRUPA PRODUCTS SERVICES PUBLICATIONS PRIVATE LIMITED","H NO 2-1-563/14, OPP TO SHANKERMUTT, TEMPLE ,NALLAKUNTA ,","13624999000175","Central License","Active","2024-03-27T18:11:21.004508+01:00","2024-09-18T19:10:21.559718+02:00","fssai"
"6141418","Food Services - Mid-Day meal - Canteen","Sagar Public School Dwarka Dham ","Dwarka Dham","11422010000818","State License","Active","2023-03-26T18:04:13.070969+02:00","2024-09-18T16:08:53.709959+02:00","fssai"
"6181907","Central Govt Agencies - Distributor","SHREE BALAJI AGENCIES , INFRONT OF GOVIND PUBLIC SCHOOL, ONDELA ROAD , DHOLPUR","Mukesh Kumar Mittal s/o Mr. Deen Dayal Mittal, Chobdar Mohalla , Dholpur","12222022000042","State License","Active","2023-03-31T17:03:32.170431+02:00","2024-09-18T18:35:49.091421+02:00","fssai"
"6194687","Konkan Railway - Caterer","BATRA HOSPITAL AND MEDICAL RESEARCH CENTRE OF CH. AISHI RAM BATRA PUBLIC CHARITABLE TRUST","1, TUGHLAKABAD INSTITUTIONAL AREA, M.B. ROAD, NEW DELHI","13321010000186","State License","Active","2023-03-31T22:30:38.266364+02:00","2024-09-18T19:15:50.431414+02:00","fssai"
"6242192","Indian Railways - Food Vending Establishment","SLOPELAND PUBLIC SCHOOL","SALT VILLAGE, KHONGJOM","11621007000008","State License","Active","2023-03-31T13:54:58.035082+02:00","2024-09-18T17:39:54.13344+02:00","fssai"
"6295746","Indian Railways - Food Vending Establishment","CHETTINAD PUBLIC SCHOOL","70E, MADURAI MAIN ROAD, MANAGIRI,KALLAL BLOCK","12415019000138","State License","Active","2023-03-31T13:46:14.354256+02:00","2024-09-18T17:39:19.705232+02:00","fssai"
"265058","Food Services - Club_Canteen","THE INDIAN PUBLIC SCHOOL","S F NO 371/1&379/1,PAZHAMAPURAM,POOLAMPALAYAM POST,PUNNAM VILLAGE,KARUR","12421010000290","State License","Active","2023-03-27T06:46:11.304407+02:00","2024-09-18T16:13:38.982731+02:00","fssai"
"6372789","Konkan Railway - Club_Canteen","THE INDIAN PUBLIC SCHOOL PVT LTD","PLOT NO.1A/4&1A/5, 2ND CROSS MAIN ROAD, AMBATTUR INDUSTRIAL ESTATE, AMBATTUR","12421023001899","State License","Active","2023-03-31T22:54:06.249011+02:00","2024-09-18T19:19:31.701066+02:00","fssai"
"148393060","Central Govt Agencies - Retailer","M/S SHIKHAR PUBLIC SERVICES","851MIN RAJENDRA NAGAR NEAR NAVEEN SABJI MANDI NAWABGANJ","12724022000042","State License","Active","2024-03-27T18:11:22.442855+01:00","2024-09-18T19:10:24.009174+02:00","fssai"
"6369868","Trade_Retail - Retailer","SRISHTI PUBLIC CHARITABLE TRUST","The Deli-Confectionery Unit Outlet,Srishti Public Charitable Trust,KDHP Sales Outlet,KDHP House,Munnar","11317006000083","State License","Active","2023-03-31T12:33:48.797477+02:00","2024-11-06T15:57:42.456865+01:00","fssai"
"238386978","Food Services - Club_Canteen","SPRING MOUNT PUBLIC SCHOOL ","NO.514/2 & 3, PUDUPALAYAM VILLAGE, MANGALAM ROAD, VANJIPALAYAM","12424027000534","State License","Active","2024-06-12T18:30:53.232099+02:00","2024-09-18T16:14:08.269075+02:00","fssai"
"6505021","Konkan Railway - Club_Canteen","A.V.P. TRUST PUBLIC SENIOR SECONDARY SCHOOL (CBSE)","A.V.P. LAYOUT, GANDHI NAGAR, TIRUPUR","12423027000604","State License","Active","2023-07-24T11:06:56.980912+02:00","2024-09-18T19:20:00.985015+02:00","fssai"
"273448979","Food Services - Club_Canteen","M/S DELHI PUBLIC SCHOOL CANTEEN","MAHARAJA HARI SINGH SHAHIDI CHOWK RESIDENCY ROAD","11024150000215","State License","Active","2024-07-10T15:55:21.136854+02:00","2024-09-18T16:14:13.251647+02:00","fssai"
"6589219","Central Govt Agencies - Wholesaler","M/S P & G ENTERPRISES PROP- EKTA JAIN W/O PRASHANT JAIN R/O NEAR HOLY PUBLIC SCHOOL SIKANDRA AGRA","NEAR FCI GODOWN G T ROAD ETAH","12721059000005","State License","Active","2023-03-31T17:22:13.447018+02:00","2024-09-18T18:18:18.055532+02:00","fssai"
"2460134","Trade_Retail - Distributor","M/S PADMAVATI AGENCIES PROP- PRASHANT JAIN S/O PRAMOD KUMAR JAIN R/O NEAR HOLY PUBLIC SCHOOL SIKANDRA AGRA","NEAR FCI GODOWN G T ROAD ETAH","12721059000008","State License","Active","2023-03-31T10:52:15.057918+02:00","2025-03-18T15:56:15.948894+01:00","fssai"
"3371032","Manufacturer -  General Manufacturing","GANDHIGRAM KHADI AND VILLAGE INDUSTRIES PUBLIC CHARITABLE TRUST","Malt and Spices Unit, Khadi and VIPC Trust, Gandhigram Village & Panchayat, Athoor Taluk, Dindigul","12416006000079","State License","Active","2023-03-18T12:51:55.17566+01:00","2025-11-18T16:23:43.793113+01:00","fssai"
"6614253","Central Govt Agencies - Retailer","M/S BANARASI DAS PRAMOD KUMAR PROP- PRAMOD KUMAR JAIN S/O BANARASI DAS JAIN R/O NEAR HOLY PUBLIC SCHOOL SIKANDRA AGRA","NEAR FCI GODOWN G T ROAD ETAH","12721059000007","State License","Active","2023-03-31T22:10:40.115309+02:00","2024-09-18T19:05:32.869147+02:00","fssai"
"1068217","Indian Railways - Restaurants","GLOBE PHARMA PUBLICATIONS PRIVATE LIMTED (CHICAGO PIZZA)","SHOP NO 6 & 7, NEW SHANTI VAN CHSL., PLOT NO 70, NEW LINK ROAD, ANDHERI WEST,  ","11521006000176","State License","Active","2023-03-31T15:17:17.140339+02:00","2024-09-18T17:51:18.129092+02:00","fssai"
"6648361","Konkan Railway - Food Vending Establishment","CHETTINAD PUBLIC SCHOOL","70E, MADURAI MAIN ROAD, MANAGIRI,KALLAL BLOCK","12415019000138","State License","Active","2023-03-31T18:54:54.838807+02:00","2024-09-18T19:34:46.657061+02:00","fssai"
"141459831","Trade_Retail - Wholesaler","M/S SHIKHAR PUBLIC SERVICES","851MIN RAJENDRA NAGAR NEAR NAVEEN SABJI MANDI NAWABGANJ","12724022000042","State License","Active","2024-03-27T14:35:51.372491+01:00","2025-02-09T14:38:49.692888+01:00","fssai"
"6880404","Airport_Seaport - Retailer","M/S TERNA PUBLIC CHARITABLE TRUSTS MEDICAL STORE","AT 1ST FLR,TERNA SPECIALITY HOSPITAL AND RESEARCH  CENTER,SEC-22,PHASE-2, NERUL -W,NAVI MUMBAI,DIST-THANE ","11523016000019","State License","Active","2023-03-29T17:11:57.969127+02:00","2024-09-18T17:05:51.415706+02:00","fssai"
"6719953","Indian Railways - Club_Canteen","CHENNAI PUBLIC SCHOOL (KUPIDISAATHAM NARAYANASWAMI EDUCATIONAL TRUST)","T.V.S.AVENUE MAIN ROAD,ANNA NAGAR WEST EXTN,CHENNAI-101","12418023000804","State License","Active","2023-03-31T14:00:42.811258+02:00","2024-09-18T17:57:35.50725+02:00","fssai"
"6745106","Central Govt Agencies - Wholesaler","M/S. PUBLIC BAZAR PEN / MR. BHAVARLAL BHAGARAM DEVASI  ( PRO.OF)","HOUSE NO.94, NEAR NAGARPALIKA  PEN, LAL BAHADUR SHASTRI MARG , AT.PO.TAL.PEN, DIST. RAIGAD","11521024001721","State License","Active","2023-03-31T17:11:17.591748+02:00","2024-09-18T18:19:54.859185+02:00","fssai"
"45741306","Indian Railways - Food Vending Establishment","R.S.N.V. FOUNDATION (A PUBLIC CHARITABLE TRUST)","SHARANALAYAM - PRIYAM, S.F.NO:4/4, PANIKKAMPATTI ROAD, A.SANGAMMPALAYAM VILLAGE, POLLACHI (TK)","12423003003611","State License","Active","2024-01-03T17:33:49.087084+01:00","2024-09-18T17:40:36.905098+02:00","fssai"
"6868748","Trade_Retail - Retailer","KHANDELWAL PUBLIC SCHOOL SAMITI","SRK CAMPUS DHANI NAGAN JOBNER","12223027000702","State License","Active","2023-08-16T15:19:22.371197+02:00","2024-11-06T16:06:18.103797+01:00","fssai"
"327711","Indian Railways - Club_Canteen","DELHI PUBLIC SCHOOL HOSTEL","DAGAPUR,P.O&P.S PRADHAN NAGAR","12822006000426","State License","Active","2023-03-31T14:11:54.320564+02:00","2024-09-18T17:57:12.492747+02:00","fssai"
"6764126","Konkan Railway - Club_Canteen","Delhi Public School","Chidbana Road","12722064000138","State License","Active","2023-03-31T22:53:42.936964+02:00","2024-09-18T19:19:58.126419+02:00","fssai"
"6874100","Central Govt Agencies - Retailer","M/S TERNA PUBLIC CHARITABLE TRUSTS MEDICAL STORE","ROOM NO.31 & 32,GR FLR,TERNA SPECIALITY HOSPITAL & RESEARCH CENTER,SEC-22,PHASE-2,NERUL -W,NAVI MUMBAI","11523016000020","State License","Active","2023-03-31T22:15:44.618647+02:00","2024-09-18T19:05:48.456934+02:00","fssai"
"144315688","Airport_Seaport - Wholesaler","M/S SHIKHAR PUBLIC SERVICES","851MIN RAJENDRA NAGAR NEAR NAVEEN SABJI MANDI NAWABGANJ","12724022000042","State License","Active","2024-03-27T16:06:20.860903+01:00","2024-09-18T16:33:22.323825+02:00","fssai"
"144314701","Airport_Seaport - Wholesaler","SRI CHIDRUPA PRODUCTS SERVICES PUBLICATIONS PRIVATE LIMITED","H NO 2-1-563/14, OPP TO SHANKERMUTT, TEMPLE ,NALLAKUNTA ,","13624999000175","Central License","Active","2024-03-27T16:06:18.090181+01:00","2024-09-18T16:33:20.479798+02:00","fssai"
"6099226","Central Govt Agencies - Distributor","M/s- SUREKA PUBLICATIONS PVT. LTD., Mr. Nreepen Das (Director)","Gorolia, Near Sarusajai Stadium, N.H.-37, P.O.- Sawkuchi, P.S.- Basistha, Guwahati-781034","10320001000378","State License","Active","2023-03-31T16:36:14.392571+02:00","2024-09-18T18:34:19.526664+02:00","fssai"
"6943172","Indian Railways - Club_Canteen","Rosy Public School Canteen / Satya Veer Sigh","KOLA MOD FARRUKHABAD, JALALABAD HIGHWAY","12722012000360","State License","Active","2023-03-31T14:11:39.191098+02:00","2024-09-18T17:57:39.293759+02:00","fssai"
"2925187","Konkan Railway - Food Vending Establishment","JAWAHARLAL SHIKSHAN PRASARAK MANDAL SANCHLITI M/S. SHANTINIKETAN PUBLIC SCHOOL HOSTEL","SOW. SHASHIKALA SAMBHAJIRAO BIRADARH.NO.2041 MALEGAON TQ.ARDHAPUR DIST. NANDED-431750","11520048000117","State License","Active","2023-03-31T19:06:45.982519+02:00","2024-09-18T19:36:08.12533+02:00","fssai"
"7887191","Trade_Retail - Retailer","MS. CHETNA SAHAY / COEVAL PUBLICATIONS PRIVATE LIMITED (ICE-CREAM PARLOR)","SHOP NO.16 SHREE RAMKRISHNA CO-OPERATIVE HOUSING SOCIETY LIMITED, SITUATED ON PLOT NO-46/47 AT SECTOR-40, SEAWOODS-WEST, NERUL, NAVI MUMBAI, 400706","11519017000038","State License","Active","2023-03-31T12:19:49.295563+02:00","2024-11-06T15:56:44.279839+01:00","fssai"
"3252909","Central Govt Agencies - Retailer","M/S PADMAVATI AGENCIES PROP- PRASHANT JAIN S/O PRAMOD KUMAR JAIN R/O NEAR HOLY PUBLIC SCHOOL SIKANDRA AGRA","NEAR FCI GODOWN G T ROAD ETAH","12721059000008","State License","Active","2023-03-31T22:12:42.133371+02:00","2024-09-18T19:05:39.345094+02:00","fssai"
"7008861","Indian Railways - Club_Canteen","GURUKUL PUBLIC SCHOOL CANTEEN","At/Po Haridaspur, Ps: Dharmasala, Dist: Jajpur","12017013000212","State License","Active","2023-03-31T14:11:19.115705+02:00","2024-09-18T17:57:36.395184+02:00","fssai"
"7241323","Indian Railways - Food Vending Establishment","GODAVARI MANAR PUBLIC SCHOOL AND JUNIOR COLLEGE - PANDEY DURGAPRASAD RAMCHANDRA (Principal)","H.NO. 450 SHANKAR NAGAR TQ. BILOLI DIST. NANDED-431736","11522076000140","State License","Active","2023-03-31T14:01:06.895309+02:00","2024-09-18T17:40:14.045602+02:00","fssai"
"7020909","Trade_Retail - Wholesaler","M/S PUNDHIR TRADERS PROP- SUNITA KUMARI W/O YOGENDRA PAL SINGH R/O 14 GANDHI MARKET ROAD NEAR PREM PUBLIC SCHOOL SHYAM NAGAR ETAH","SHIVSINGHPUR SAHAWAR ROAD ETAH","12721059000057","State License","Active","2023-03-22T00:11:15.373429+01:00","2025-02-09T14:38:48.391752+01:00","fssai"
"3481196","Airport_Seaport - Distributor","M/S P & G ENTERPRISES PROP- EKTA JAIN W/O PRASHANT JAIN R/O NEAR HOLY PUBLIC SCHOOL SIKANDRA AGRA","NEAR FCI GODOWN G T ROAD ETAH","12721059000005","State License","Active","2023-03-31T17:44:21.671745+02:00","2024-09-18T17:24:50.773015+02:00","fssai"
"6292597","Konkan Railway - Caterer","SHRI SHANESHWAR DEVASTHAN PUBLIC TRUST ADHYAKSHA","A/P M.NO.1/28 SHINGNAPUR TAL NEWASA DIST AHMEDNAGAR","11519033000036","State License","Active","2023-03-31T22:34:31.344008+02:00","2024-09-18T19:17:28.842045+02:00","fssai"
"4456947","Airport_Seaport - Wholesaler","M/S BANARASI DAS PRAMOD KUMAR PROP- PRAMOD KUMAR JAIN S/O BANARASI DAS JAIN R/O NEAR HOLY PUBLIC SCHOOL SIKANDRA AGRA","NEAR FCI GODOWN G T ROAD ETAH","12721059000007","State License","Active","2023-03-31T12:56:13.160659+02:00","2024-09-18T16:30:13.965042+02:00","fssai"
"7087764","Airport_Seaport - Retailer","OASIS PUBLICITY","222, INDALGANJ, MOHIBULLAPUR, SITAPUR ROAD, LUCKNOW","12719066001015","State License","Active","2023-03-31T15:09:28.347836+02:00","2024-09-18T17:04:44.837633+02:00","fssai"
"7062386","Trade_Retail - Wholesaler","ADWALL OUTDOOR PUBLICITY ","1ST FLOOR,SHOP NO- 141, CRYSTAL COMPLEX, M G ROAD, CHITAKHANA CHOWK, JUNAGADH","10721999001226","Central License","Active","2023-03-21T03:28:27.554729+01:00","2025-02-09T14:36:53.732995+01:00","fssai"
"7081663","Indian Railways - Caterer","HOSUR PUBLIC SCHOOL","RAYAKOTTAI HIGHWAYS, KARAPALLI, HOSUR.","12422011000579","State License","Active","2023-03-31T18:13:05.052973+02:00","2024-09-18T17:33:11.672935+02:00","fssai"
"7134267","Konkan Railway - Club_Canteen","MIDDAY MEALS KITCHEN JINDAL PUBLIC SCHOOL ","JINDAL NAGAR, TUMKUR ROAD, BANGALORE","11222302000059","State License","Active","2023-03-31T22:53:06.520945+02:00","2024-09-18T19:19:27.414723+02:00","fssai"
"7824862","Central Govt Agencies - Distributor","M/S PUNDHIR TRADERS PROP- SUNITA KUMARI W/O YOGENDRA PAL SINGH R/O 14 GANDHI MARKET ROAD NEAR PREM PUBLIC SCHOOL SHYAM NAGAR ETAH","SHIVSINGHPUR SAHAWAR ROAD ETAH","12721059000057","State License","Active","2023-03-31T17:37:28.346859+02:00","2024-09-18T18:38:45.015502+02:00","fssai"
"4583882","Indian Railways - Club_Canteen","GLOBE PHARMA PUBLICATIONS PRIVATE LIMTED (CHICAGO PIZZA)","SHOP NO 6 & 7, NEW SHANTI VAN CHSL., PLOT NO 70, NEW LINK ROAD, ANDHERI WEST,  ","11521006000176","State License","Active","2023-03-31T14:09:25.944155+02:00","2024-09-18T17:56:56.52585+02:00","fssai"
"7148778","Trade_Retail - Wholesaler","M/s- SUREKA PUBLICATIONS PVT. LTD., Mr. Nreepen Das (Director)","Gorolia, Near Sarusajai Stadium, N.H.-37, P.O.- Sawkuchi, P.S.- Basistha, Guwahati-781034","10320001000378","State License","Active","2023-03-31T07:42:28.370301+02:00","2025-02-09T14:34:18.697188+01:00","fssai"
"6428999","Food Services - Hotel","VIDHICHAND DHARMSHALA PUBLIC TRUST","STATION BAJARIYA,GWALIOR 474002","11423570000012","State License","Active","2023-03-19T03:37:19.890581+01:00","2024-09-18T15:51:45.875234+02:00","fssai"
"7226757","Indian Railways - Food Vending Establishment","Daffodils Public School","Daffodils Public School, Lohia Talab","12718042000078","State License","Active","2023-03-31T13:50:24.777306+02:00","2024-09-18T17:41:09.06892+02:00","fssai"
"7225830","Airport_Seaport - Distributor","M/S PADMAVATI AGENCIES PROP- PRASHANT JAIN S/O PRAMOD KUMAR JAIN R/O NEAR HOLY PUBLIC SCHOOL SIKANDRA AGRA","NEAR FCI GODOWN G T ROAD ETAH","12721059000008","State License","Active","2023-03-31T17:44:21.637474+02:00","2024-09-18T17:24:50.773015+02:00","fssai"
"7341977","Konkan Railway - Club_Canteen","LUCKNOW PUBLIC SCHOOL MESS AND CANTEEN","L R P CHAURAHA GOLA ROAD LAKHIMPUR","12718068000118","State License","Active","2023-03-31T22:50:26.176885+02:00","2024-09-18T19:19:41.779096+02:00","fssai"
"7266560","Indian Railways - Club_Canteen","THE OPTIMUS PUBLIC SCHOOL","550-B ,KAVINDAPADI MAIN ROAD,SEVAGOUNDANUR,PERIYAPULIYUR(PO),BHAVANI(TK)))","12422007000251","State License","Active","2023-03-31T14:09:30.634379+02:00","2024-09-18T17:56:56.682695+02:00","fssai"
"7418287","Food Services - Mid-Day meal - Canteen","Delhi Public School","Kummaloor P O","11322002000763","State License","Active","2023-03-26T18:02:32.008793+02:00","2024-09-18T16:08:53.585044+02:00","fssai"
"162137","Trade_Retail - Wholesaler","M/S PADMAVATI AGENCIES PROP- PRASHANT JAIN S/O PRAMOD KUMAR JAIN R/O NEAR HOLY PUBLIC SCHOOL SIKANDRA AGRA","NEAR FCI GODOWN G T ROAD ETAH","12721059000008","State License","Active","2023-03-21T16:36:38.587144+01:00","2025-02-09T14:41:39.989279+01:00","fssai"
"257834","Central Govt Agencies - Distributor","M/S BANARASI DAS PRAMOD KUMAR PROP- PRAMOD KUMAR JAIN S/O BANARASI DAS JAIN R/O NEAR HOLY PUBLIC SCHOOL SIKANDRA AGRA","NEAR FCI GODOWN G T ROAD ETAH","12721059000007","State License","Active","2023-03-31T17:30:15.625691+02:00","2024-09-18T18:36:40.914598+02:00","fssai"
"7505636","Trade_Retail - Retailer","M/S. PUBLIC BAZAR PEN / MR. BHAVARLAL BHAGARAM DEVASI  ( PRO.OF)","HOUSE NO.94, NEAR NAGARPALIKA  PEN, LAL BAHADUR SHASTRI MARG , AT.PO.TAL.PEN, DIST. RAIGAD","11521024001721","State License","Active","2023-03-31T13:21:24.395529+02:00","2024-11-06T16:03:12.445073+01:00","fssai"
"5128013","Food Services - Club_Canteen","GLOBE PHARMA PUBLICATIONS PRIVATE LIMTED (CHICAGO PIZZA)","SHOP NO 6 & 7, NEW SHANTI VAN CHSL., PLOT NO 70, NEW LINK ROAD, ANDHERI WEST,  ","11521006000176","State License","Active","2023-03-31T10:31:21.97847+02:00","2024-09-18T16:13:41.433937+02:00","fssai"
"7437079","Indian Railways - Club_Canteen","SKL PUBLIC MATRICULATION HIGHER SECONDARY SCHOOL / RADHAMANI. G","SKL PUBLIC MATRICULATION HIGHER SECONDARY SCHOOL,MAIN ROAD, PATCHAM PALAYAM, AVINASHI TK, TIRUPUR DT","12422027001359","State License","Active","2023-03-31T14:11:42.739924+02:00","2024-09-18T17:57:41.45394+02:00","fssai"
"7428776","Indian Railways - Club_Canteen","INDIAN PUBLIC SCHOOL CANTEEN","KHETRAJPUR REMED ROAD,KHETRAJPUR, SAMBALPUR","12017037000086","State License","Active","2023-03-31T14:09:23.563766+02:00","2024-09-18T17:57:25.465911+02:00","fssai"
"376211765","Trade_Retail - Wholesaler","M/S. PUBLIC BAZAR / MR. PARAS PUNARAM CHOUDHARY","SHOP NO. 1,2,3, ALAINA CITY PLAZA, KHOPOLI - PEN ROAD, SHILPHATA, KHOPOLI, TAL- KHALAPUR ","11525070000015","State License","Active","2025-02-09T14:41:46.999842+01:00","2025-02-09T14:41:46.999842+01:00","fssai"
"14654","Food Services - Club_Canteen","K M C PUBLIC SENIOR SECONDARY SCHOOL","TIRUPPUR ROAD, PERUMANALLUR, TIRUPPUR","12422027001366","State License","Active","2023-03-27T08:00:35.477618+02:00","2024-09-18T16:13:56.963109+02:00","fssai"
"7528629","Indian Railways - Food Vending Establishment","BHASHYAM  PUBLIC SCHOOL - BHASHYAM  RAMA KRISHNA ","Asst. No.1021137440, Gorantla , Guntur","10121007000073","State License","Active","2023-03-31T14:02:04.729348+02:00","2024-09-18T17:40:16.519955+02:00","fssai"
"7547239","Indian Railways - Caterer","THE PUNJAB PUBLIC SCHOOL NABHA","SENIOR AND JUNIOR MESS, PPS NABHA","12121681000358","State License","Active","2023-03-31T18:11:41.617497+02:00","2024-09-18T17:33:03.74757+02:00","fssai"
"118332926","Food Services - Food Vending Establishment","M/S.PURTI PUBLIC SCHOOL NIVASI SHALA VASTIGRUH","NEAR VAISHNAVI PETROL PUMP, AT. TA. SALEKASA","11524065000063","State License","Active","2024-03-06T15:46:44.097108+01:00","2024-09-18T16:11:45.794703+02:00","fssai"
"3254164","Trade_Retail - Retailer","M/S TERNA PUBLIC CHARITABLE TRUSTS MEDICAL STORE","ROOM NO.31 & 32,GR FLR,TERNA SPECIALITY HOSPITAL & RESEARCH CENTER,SEC-22,PHASE-2,NERUL -W,NAVI MUMBAI","11523016000020","State License","Active","2023-03-31T13:41:00.461762+02:00","2024-11-06T16:00:50.457393+01:00","fssai"
"7649821","Central Govt Agencies - Retailer","KHANDELWAL PUBLIC SCHOOL SAMITI","SRK CAMPUS DHANI NAGAN JOBNER","12223027000702","State License","Active","2023-08-16T17:42:15.255328+02:00","2024-09-18T19:09:54.925092+02:00","fssai"
"7577318","Indian Railways - Storage (Cold _ Refrigerated)","OASIS PUBLICITY","222, INDALGANJ, MOHIBULLAPUR, SITAPUR ROAD, LUCKNOW","12719066001015","State License","Active","2023-03-31T14:11:18.94225+02:00","2024-09-18T17:42:11.488916+02:00","fssai"
"7679825","Airport_Seaport - Retailer","Shree Surat Panjarapole Public Charitable Trust","Opp.Children Traffic Training Park,Ghod dod Road,Surat.","10717031000113","State License","Active","2023-03-29T16:20:41.905016+02:00","2024-09-18T17:03:38.959026+02:00","fssai"
"1497647","Konkan Railway - Club_Canteen","SHRI GURUDATTA SHIKSHAN SANTHA SANCHLIT MA SHARAD PAWAR PUBLIC SCHOOL VASTIGRUH & MESS ","CANTEEN PREMICES OF SHRI GURUDATTA SHIIKSHAN SANSTHA GAT NO.- 181 , 220/1/2 , 274/1/A/B, 275 , DATTA BHUMI , AT - MANUR , POST - KALWAN , TALUKA -KALWAN , DIST.- NASHIK","11523029000354","State License","Active","2023-08-11T09:41:46.490981+02:00","2024-09-18T19:20:07.759813+02:00","fssai"
"7686250","Indian Railways - Club_Canteen","DELHI PUBLIC SCHOOL CANTEEN ","AMBAPUR, KOBA-ADALAJ LINK ROAD, NEAR KOBA CIRCLE, DIST-GANDHINAGAR","10723009000195","State License","Active","2023-09-12T17:04:38.429041+02:00","2024-09-18T17:57:40.728325+02:00","fssai"
"7723625","Central Govt Agencies - Wholesaler","M/s- SUREKA PUBLICATIONS PVT. LTD., Mr. Nreepen Das (Director)","Gorolia, Near Sarusajai Stadium, N.H.-37, P.O.- Sawkuchi, P.S.- Basistha, Guwahati-781034","10320001000378","State License","Active","2023-03-31T15:56:48.666482+02:00","2024-09-18T18:14:23.627813+02:00","fssai"
"2832652","Airport_Seaport - Distributor","SHREE BALAJI AGENCIES , INFRONT OF GOVIND PUBLIC SCHOOL, ONDELA ROAD , DHOLPUR","Mukesh Kumar Mittal s/o Mr. Deen Dayal Mittal, Chobdar Mohalla , Dholpur","12222022000042","State License","Active","2023-03-31T17:16:53.373786+02:00","2024-09-18T17:23:56.502408+02:00","fssai"
"320553208","Indian Railways - Restaurants","AZIZ MUHAMMED COMMUNITY HALL / HASHIMI PUBLIC CHARITABLE TRUST","16D / 354,355 PAIKI T.P.NO.23, MADNI SOCIETY, NEAR ALFESANI SCHOOL, GORAT NEW COZWAY ROAD, RANDER ROAD, SURAT","10724031001041","State License","Active","2024-08-14T17:10:00.584303+02:00","2024-09-18T17:54:45.930166+02:00","fssai"
"184670664","Trade_Retail - Distributor","RAHUL PUBLICATION","RAHUL KUMAR S/O BHOLA SAH-AT-RAJKUMARGANJ-PO-LALBAGH-PS-NAGAR","10424310000094","State License","Active","2024-05-01T14:57:08.047262+02:00","2025-03-18T15:56:48.149337+01:00","fssai"
"129464121","Indian Railways - Club_Canteen","KOTAGIRI PUBLIC SCHOOL","K P SCHOOL CANTEEN, 36/8, ST - 2/14, KARUNIYAPURAM, KOTAGIRI, THE NILGIRIS-643217","12424021000054","State License","Active","2024-03-13T17:26:41.609401+01:00","2024-09-18T17:57:26.043102+02:00","fssai"
"300000899","Food Services - Club_Canteen","M/S North East Public School Canteen at Rowta.","Prop: Sri Maheswar Brahma S/O Sri Budhi Ram Brahma,Village-Bhalukmari,PO-Rowta","10324011000022","State License","Active","2024-07-31T15:51:18.086233+02:00","2024-09-18T16:14:17.691613+02:00","fssai"
"7766946","Indian Railways - Club_Canteen","BOLUMPALLI JIVITESH REDDY M/S NIRAJ PUBLIC SCHOOL ","H NO 6-3-864 SAADAT MANZIL AMEERPET HYDERABAD ","13623011001437","State License","Active","2023-11-29T17:17:01.996667+01:00","2024-09-18T17:57:17.491078+02:00","fssai"
"7253943","Food Services - Hotel","PATEL PARBHUDAS KISHORDAS BIDIWALA PUBLIC TRUST SANCHALIT REVA-PRABHU SADAN","TRUSTEES OF.KIRTIKUMAR P PATEL, PATEL ASHOKKUMAR P,PATEL DHRUVKUMAR J,PATEL AMRISHKUMAR J,MI NO.101593/100554/100555/100556,DANTA ROAD,AMBAJI TA.DANTA DIST.BANASKANTHA","10718005000024","State License","Active","2023-03-19T01:39:36.405081+01:00","2024-09-18T15:51:36.277138+02:00","fssai"
"6652840","Food Services - Food Vending Establishment","PRIYDARSHANI MAGASVARGIYA VIKAS MAHILA MANDL SA - EKLAVYA INTERNATIONAL PUBLIC SCHOOL AND HOSTEL - SOW. SAVITA MAROTI KANTHEWAD ( PRESIDENT)","GAT NO. 95 BAMANI DABHAD ROAD TQ. ARDHAPUR DIST. NANDED-431704","11522048000048","State License","Active","2023-03-27T02:27:41.771703+02:00","2024-09-18T16:11:44.506986+02:00","fssai"
"335649822","Food Services - Food Vending Establishment","RAVINDRA PUBLIC SCHOOL SANSTHAN JHUNJHUNU","WARD NO 11, KISSAN COLONY","12224031000180","State License","Active","2024-08-28T15:50:21.216867+02:00","2024-09-18T16:12:14.279553+02:00","fssai"
"335703480","Food Services - Club_Canteen","RAVINDRA PUBLIC SCHOOL SANSTHAN JHUNJHUNU","WARD NO 11, KISSAN COLONY","12224031000180","State License","Active","2024-08-28T15:52:05.234225+02:00","2024-09-18T16:14:19.751513+02:00","fssai"
"657407","Trade_Retail - Retailer","M/S TERNA PUBLIC CHARITABLE TRUSTS MEDICAL STORE","AT 1ST FLR,TERNA SPECIALITY HOSPITAL AND RESEARCH  CENTER,SEC-22,PHASE-2, NERUL -W,NAVI MUMBAI,DIST-THANE ","11523016000019","State License","Active","2023-03-31T13:41:42.332399+02:00","2024-11-06T16:00:52.317848+01:00","fssai"
"147465350","Central Govt Agencies - Distributor","M/S SHIKHAR PUBLIC SERVICES","851MIN RAJENDRA NAGAR NEAR NAVEEN SABJI MANDI NAWABGANJ","12724022000042","State License","Active","2024-03-27T17:43:37.143505+01:00","2024-09-18T18:38:46.55476+02:00","fssai"
"305027739","Konkan Railway - Club_Canteen","M/S North East Public School Canteen at Rowta.","Prop: Sri Maheswar Brahma S/O Sri Budhi Ram Brahma,Village-Bhalukmari,PO-Rowta","10324011000022","State License","Active","2024-07-31T18:25:23.54883+02:00","2024-09-18T19:20:06.95098+02:00","fssai"
"112613416","Indian Railways - Club_Canteen","SREE GOKULAM PUBLIC SCHOOL MESS","SREE GOKULM PUBLIC SCHOOL MESS,NEAR VALAYANAD DEVI TEMPLE,KOMMERI(PO)","11324011000345","State License","Active","2024-02-28T17:21:07.430018+01:00","2024-09-18T17:57:24.499455+02:00","fssai"
"8032194","Food Services - Caterer","SHREE SWAMI SAMARTH VIDYANIKETAN SANCHALIT K R PUBLIC SCHOOL","SARVE NO. 402/2/115B/114B/116, PRATIBHA NAGAR, CHAOUPALE SHIVAR, DHULE ROAD, NANDURBAR TAL-DIST-NANDURBAR 425412 (7755909354)","11519030000039","State License","Active","2023-03-26T10:03:59.434471+02:00","2024-09-18T16:08:17.8137+02:00","fssai"
"256460607","Airport_Seaport - Wholesaler","V ENTERPRISES/ VEERENDRA KUMAR  S GROUND FLOOR 225/223/13/1/13/2/A1 SRI KRISHNA KRUPA MARALUBAGILU MAIN ROAD SHREENIKETHAN PUBLIC SCHOOL MARALABAGILU MARALABAGAL ROAD DEVANAHALLI BANGALORE RURAL","GROUND FLOOR 225/223/13/1/13/2/A1 SRI KRISHNA KRUPA MARALUBAGILU MAIN ROAD SHREENIKETHAN PUBLIC SCHOOL MARALABAGILU MARALBAGAL ROAD DEVANAHALLI BANGALORE RURAL","11224303000371","State License","Active","2024-06-26T18:21:45.933314+02:00","2024-09-18T16:34:48.810085+02:00","fssai"
"145716979","Airport_Seaport - Distributor","M/S SHIKHAR PUBLIC SERVICES","851MIN RAJENDRA NAGAR NEAR NAVEEN SABJI MANDI NAWABGANJ","12724022000042","State License","Active","2024-03-27T16:49:20.345639+01:00","2024-09-18T17:27:17.290556+02:00","fssai"
"122287","Indian Railways - Club_Canteen","THE INDIAN PUBLIC SCHOOL","SF. No.33/1B1, 33/1B2 of Vandiyur Bit -1 Village, Karuppayurani","12422012002259","State License","Active","2023-03-31T14:11:23.277098+02:00","2024-09-18T17:57:01.758953+02:00","fssai"
"2567026","Manufacturer -  General Manufacturing","KLA India Public Limited","2nd Mile Stone, Kiccha Road, Rudrapur                                                                                                                                                            ","10013012000239","Central License","Active","2023-03-31T07:39:25.308826+02:00","2025-11-18T16:21:39.54087+01:00","fssai"
"8094219","Indian Railways - Club_Canteen","CHANDANVAN PUBLIC SCHOOL","BHARATPUR ROAD MATHURA","12723004001098","State License","Active","2023-11-08T16:29:56.977643+01:00","2024-09-18T17:57:16.020372+02:00","fssai"
"120627838","Indian Railways - Food Vending Establishment","M/S.PURTI PUBLIC SCHOOL NIVASI SHALA VASTIGRUH","NEAR VAISHNAVI PETROL PUMP, AT. TA. SALEKASA","11524065000063","State License","Active","2024-03-06T16:59:30.981516+01:00","2024-09-18T17:40:41.748302+02:00","fssai"
"7711825","Airport_Seaport - Wholesaler","M/S SINGH AGENCIES PRO. NISHA SINGH W/O DHARMENDRA SINGH JPS PUBLIC SCHOOL WORD NO.20 848/KHA NEW RANA NAGAR RAEBARELI 229001","PRO. NISHA SINGH W/O DHARMENDRA SINGH  JPS PUBLIC SCHOOL WORD NO.20 848/KHA NEW RANA NAGAR RAEBARELI","12722071000292","State License","Active","2023-03-31T13:12:01.395519+02:00","2024-09-18T16:33:10.844187+02:00","fssai"
"1132689","Indian Railways - Club_Canteen","KASAMADE PARISAR VIKAS MANDALS DR D S AHER ENGLISH MEDIUM PUBLIC SCHOOL","VITHEWADI LO TAL DEOLA DIST NASHIK","11519028000069","State License","Active","2023-03-31T14:04:56.729044+02:00","2024-09-18T17:57:21.80716+02:00","fssai"
"1072195","Airport_Seaport - Distributor","ADWALL OUTDOOR PUBLICITY ","1ST FLOOR,SHOP NO- 141, CRYSTAL COMPLEX, M G ROAD, CHITAKHANA CHOWK, JUNAGADH","10721999001226","Central License","Active","2023-03-31T17:35:55.842784+02:00","2024-09-18T17:24:32.165866+02:00","fssai"
"46128586","Indian Railways - Club_Canteen","JAYANTHI PUBLIC SENIOR SECONDARY SCHOOL","SF.NO. 66/2A, JAYANTHI GARDEN, ARULPURAM, KARAIPUDUR VILLAGE, PALLADAM (TK), TIRUPUR","12423027001288","State License","Active","2024-01-03T17:47:35.502352+01:00","2024-09-18T17:57:20.087344+02:00","fssai"
"960552","Food Services - Club_Canteen","CHANDANVAN PUBLIC SCHOOL","BHARATPUR ROAD MATHURA","12723004001098","State License","Active","2023-11-08T15:24:56.670825+01:00","2024-09-18T16:13:56.736356+02:00","fssai"
"193569","Indian Railways - Club_Canteen","MIDDAY MEALS KITCHEN JINDAL PUBLIC SCHOOL ","JINDAL NAGAR, TUMKUR ROAD, BANGALORE","11222302000059","State License","Active","2023-03-31T14:09:18.675718+02:00","2024-09-18T17:56:56.032336+02:00","fssai"
"4168828","Trade_Retail - Importer","V5 PUBLICATIONS PRIVATE LIMITED ","LMN Arcade No.17/B-2, 17/B-3, 17/B-4, Ward No.4, Doddabalapura Main Road, Yelahanka New Town, Bangalore","11222331001662","Central License","Active","2023-04-17T13:46:15.246799+02:00","2024-11-06T15:13:42.30788+01:00","fssai"
"527720","Central Govt Agencies - Retailer","M/S. PUBLIC BAZAR PEN / MR. BHAVARLAL BHAGARAM DEVASI  ( PRO.OF)","HOUSE NO.94, NEAR NAGARPALIKA  PEN, LAL BAHADUR SHASTRI MARG , AT.PO.TAL.PEN, DIST. RAIGAD","11521024001721","State License","Active","2023-03-31T22:03:20.859658+02:00","2024-09-18T19:07:37.443495+02:00","fssai"
"147071512","Central Govt Agencies - Wholesaler","M/S SHIKHAR PUBLIC SERVICES","851MIN RAJENDRA NAGAR NEAR NAVEEN SABJI MANDI NAWABGANJ","12724022000042","State License","Active","2024-03-27T17:31:55.345107+01:00","2024-09-18T18:22:10.780197+02:00","fssai"
"163447505","Indian Railways - Club_Canteen","GOVT ANM TRAINING SCHOOL, INSTITUTE OF PUBLIC HEALTH","OLD POLICE STATION ROAD , INSTITUTE OF PUBLIC HEALTH , KARAYANCHAVADI , POONAMALLEE , CHENNAI - 600 056","12424023000470","State License","Active","2024-04-10T17:29:35.985574+02:00","2024-09-18T17:57:27.64043+02:00","fssai"
"347452518","Indian Railways - Restaurants","M/S THE PUBLIC HOUSE CAFE & HOOKAH LOUNGE","G-4, GROUND FLOOR, ANGEL MEGA MALL, KAUSHAMBI GHAZIABAD","12724052000711","State License","Active","2024-09-04T18:51:36.599594+02:00","2024-09-18T17:55:11.21298+02:00","fssai"
"5364009","Food Services - Club_Canteen","M/S MM PUBLICATION CANTEEN","CANTEEN, XI/626, PB NO 226, KOTTAYAM","11318005000071","State License","Active","2023-03-27T08:36:47.87571+02:00","2024-09-18T16:13:50.754313+02:00","fssai"
"128816","Food Services - Caterer","BATRA HOSPITAL AND MEDICAL RESEARCH CENTRE OF CH. AISHI RAM BATRA PUBLIC CHARITABLE TRUST","1, TUGHLAKABAD INSTITUTIONAL AREA, M.B. ROAD, NEW DELHI","13321010000186","State License","Active","2023-03-26T07:09:20.619623+02:00","2024-09-18T16:06:41.988854+02:00","fssai"
"4433713","Airport_Seaport - Retailer","M/S  JAI DURGE SWEETS HOUSE PROP-OMKAR SINGH S/O MAHAVIR SINGH R/O NEAR S. B. PUBLIC SCHOOL SHYAM VIHAR COLONY  AGRA ROAD ETAH","SHYAM VIHAR COLONY AGRA ROAD ETAH","12717059000132","State License","Active","2023-03-31T15:00:55.504892+02:00","2024-09-18T17:13:13.132675+02:00","fssai"
"1346914","Food Services - Club_Canteen","THE INDIAN PUBLIC SCHOOL - CANTEEN","A.CHOCKALINGAM,SF.NO.147/2A,PILLAIYAR NATHAM,NEAR AMMAN COLLEGE,DINDIGUL","12422006001303","State License","Active","2023-03-27T08:20:21.282994+02:00","2024-09-18T16:13:49.382867+02:00","fssai"
"7654544","Indian Railways - Restaurants","M/S SALIVATE THE FOOD SALOON (PROP SHUGUFTA FATIMA W/O VIKAZ AHMED) NEAR INTERNATIONAL DELHI PUBLIC SCHOOL, SUNJWAN ","NEAR INTERNATIONAL DELHI PUBLIC SCHOOL SUNJWAN ","11022130000187","State License","Active","2023-03-31T15:35:10.179956+02:00","2024-09-18T17:52:00.660386+02:00","fssai"
"147070524","Central Govt Agencies - Wholesaler","SRI CHIDRUPA PRODUCTS SERVICES PUBLICATIONS PRIVATE LIMITED","H NO 2-1-563/14, OPP TO SHANKERMUTT, TEMPLE ,NALLAKUNTA ,","13624999000175","Central License","Active","2024-03-27T17:31:54.322414+01:00","2024-09-18T18:22:09.255803+02:00","fssai"
"7809060","Airport_Seaport - Storage (Except Controlled Atmosphere and Cold)","M/S BANARASI DAS PRAMOD KUMAR PROP- PRAMOD KUMAR JAIN S/O BANARASI DAS JAIN R/O NEAR HOLY PUBLIC SCHOOL SIKANDRA AGRA","NEAR FCI GODOWN G T ROAD ETAH","12721059000007","State License","Active","2023-03-31T11:19:28.631914+02:00","2024-09-18T16:38:10.753098+02:00","fssai"
"93239394","Food Services - Club_Canteen","M E T PUBLIC SCHOOL ","M E T PUBLIC SCHOOL , KALLACHI(PO), NADAPURAM, VATAKARA","11324011000209","State License","Active","2024-02-14T16:09:01.975919+01:00","2024-09-18T16:14:01.353486+02:00","fssai"
"368246098","Konkan Railway - Food Vending Establishment","DAV PUBLIC SCHOOL ","Ashok Vihar, PH-IV, Delhi-110052, India","13324001000694","State License","Active","2024-09-18T19:36:31.42238+02:00","2024-09-18T19:36:31.42238+02:00","fssai"
"3273801","Central Govt Agencies - Retailer","M/S TERNA PUBLIC CHARITABLE TRUSTS MEDICAL STORE","AT 1ST FLR,TERNA SPECIALITY HOSPITAL AND RESEARCH  CENTER,SEC-22,PHASE-2, NERUL -W,NAVI MUMBAI,DIST-THANE ","11523016000019","State License","Active","2023-03-31T22:16:11.588298+02:00","2024-09-18T19:05:49.89947+02:00","fssai"
"43500002","Food Services - Food Vending Establishment","R.S.N.V. FOUNDATION (A PUBLIC CHARITABLE TRUST)","SHARANALAYAM - PRIYAM, S.F.NO:4/4, PANIKKAMPATTI ROAD, A.SANGAMMPALAYAM VILLAGE, POLLACHI (TK)","12423003003611","State License","Active","2024-01-03T16:15:06.042779+01:00","2024-09-18T16:11:40.388604+02:00","fssai"
"4690909","Central Govt Agencies - Storage (Cold _ Refrigerated)","OASIS PUBLICITY","222, INDALGANJ, MOHIBULLAPUR, SITAPUR ROAD, LUCKNOW","12719066001015","State License","Active","2023-03-31T17:46:12.229363+02:00","2024-09-18T18:25:45.310107+02:00","fssai"
"2931976","Central Govt Agencies - Retailer","Shree Surat Panjarapole Public Charitable Trust","Opp.Children Traffic Training Park,Ghod dod Road,Surat.","10717031000113","State License","Active","2023-03-31T21:33:11.879346+02:00","2024-09-18T19:03:38.649843+02:00","fssai"
"46128577","Indian Railways - Club_Canteen","M/S. DELHI PUBLIC SCHOOL GAYA","DUBHAL, PO- CHAND CHAURA, PS- MAGADH MEDICAL","10423200000285","State License","Active","2024-01-03T17:47:35.502352+01:00","2024-09-18T17:57:20.087344+02:00","fssai"
"7938729","Central Govt Agencies - Retailer","M/S SINGH AGENCIES PRO. NISHA SINGH W/O DHARMENDRA SINGH JPS PUBLIC SCHOOL WORD NO.20 848/KHA NEW RANA NAGAR RAEBARELI 229001","PRO. NISHA SINGH W/O DHARMENDRA SINGH  JPS PUBLIC SCHOOL WORD NO.20 848/KHA NEW RANA NAGAR RAEBARELI","12722071000292","State License","Active","2023-03-31T22:25:43.227053+02:00","2024-09-18T19:10:07.804717+02:00","fssai"
"3588476","Airport_Seaport - Wholesaler","M/S PADMAVATI AGENCIES PROP- PRASHANT JAIN S/O PRAMOD KUMAR JAIN R/O NEAR HOLY PUBLIC SCHOOL SIKANDRA AGRA","NEAR FCI GODOWN G T ROAD ETAH","12721059000008","State License","Active","2023-03-31T12:58:07.080239+02:00","2024-09-18T16:30:18.611497+02:00","fssai"
"220999423","Food Services - Club_Canteen","VETRI VIKAAS PUBLIC SCHOOL HOSTEL","NAMAKKAL MAIN ROAD, RASIPURAM ","12421014000191","State License","Active","2024-05-29T17:06:21.375802+02:00","2024-09-18T16:14:11.824684+02:00","fssai"
"7851205","Food Services - Restaurants","PRAKASH BHAI PATEL S/O BALDEV BHAI JI M/S PATEL PARBHUDAS KISHORDAS BIDIWALA PUBLIC TRUST , NATHDWAR","M/S PATEL PARBHUDAS KISHORDAS BIDIWALA PUBLIC TRUST , NEAR VIDHYA NIKTAN SCHOOL HOTEL MANGLA NATUWAS ,NATHDWARA, RAJSAMAND","12216037000018","State License","Active","2023-03-20T09:25:33.817796+01:00","2024-09-18T16:00:00.889499+02:00","fssai"
"6278503","Central Govt Agencies - Wholesaler","M/S PUNDHIR TRADERS PROP- SUNITA KUMARI W/O YOGENDRA PAL SINGH R/O 14 GANDHI MARKET ROAD NEAR PREM PUBLIC SCHOOL SHYAM NAGAR ETAH","SHIVSINGHPUR SAHAWAR ROAD ETAH","12721059000057","State License","Active","2023-03-31T17:32:57.817647+02:00","2024-09-18T18:22:08.620205+02:00","fssai"
"362645724","Food Services - Food Vending Establishment","DAV PUBLIC SCHOOL ","Ashok Vihar, PH-IV, Delhi-110052, India","13324001000694","State License","Active","2024-09-18T16:12:07.364142+02:00","2024-09-18T16:12:07.364142+02:00","fssai"
"282278188","Food Services - Club_Canteen","M/S. DELHI PUBLIC SCHOOL GAYA","DUBHAL, PO- CHAND CHAURA, PS- MAGADH MEDICAL","10424200000143","State License","Active","2024-07-17T15:50:42.100798+02:00","2024-09-18T16:14:15.197299+02:00","fssai"
"7431225","Indian Railways - Storage (Controlled Atmosphere + Cold)","INTEGRATED PUBLIC SAFETY SYSTEMS PRIVATE LIMITED","(1)UNIT C, BLOCK NO. 796, OPP. HOTEL ALPHA, ASLAI, BY PASS ROAD, N.H.-8, ASLALI, AHMEDABAD-382427 (2)BLOCK NO. 816, 817, 818, 819 & 820, OPP. ALFA HOTEL, ASLALI, TA:DASKROI, AHMEDABAD-382427","10718002000146","State License","Active","2023-03-31T13:37:15.978839+02:00","2024-09-18T17:37:19.351731+02:00","fssai"
"223723568","Indian Railways - Club_Canteen","VETRI VIKAAS PUBLIC SCHOOL HOSTEL","NAMAKKAL MAIN ROAD, RASIPURAM ","12421014000191","State License","Active","2024-05-29T18:52:40.108724+02:00","2024-09-18T17:57:32.764753+02:00","fssai"
"7946103","Food Services - Restaurants","M/S SALIVATE THE FOOD SALOON (PROP SHUGUFTA FATIMA W/O VIKAZ AHMED) NEAR INTERNATIONAL DELHI PUBLIC SCHOOL, SUNJWAN ","NEAR INTERNATIONAL DELHI PUBLIC SCHOOL SUNJWAN ","11022130000187","State License","Active","2023-03-29T11:11:22.643565+02:00","2024-09-18T16:01:47.23533+02:00","fssai"
"340613346","Central Govt Agencies - Retailer","M/S PUBLIC MEDICAL AGENCY","BLOCK-B, ROOM NO-7, 1ST FOOR,LALGOLA MAHARAJA ROAD MARKET","12824011000206","State License","Active","2024-08-28T18:23:09.044197+02:00","2024-09-18T19:13:34.136957+02:00","fssai"
"6983504","Airport_Seaport - Retailer","KHANDELWAL PUBLIC SCHOOL SAMITI","SRK CAMPUS DHANI NAGAN JOBNER","12223027000702","State License","Active","2023-08-16T16:21:14.961313+02:00","2024-09-18T17:10:10.11294+02:00","fssai"
"1369946","Konkan Railway - Club_Canteen","BISHNUPUR PUBLIC SCHOOL & COLLEGE OF NURSING","RAMANANDA NAGAR,BISHNUPUR,BANKURA","12822029000031","State License","Active","2023-03-31T22:53:44.99541+02:00","2024-09-18T19:19:52.634973+02:00","fssai"
"3153102","Trade_Retail - Wholesaler","M/S BANARASI DAS PRAMOD KUMAR PROP- PRAMOD KUMAR JAIN S/O BANARASI DAS JAIN R/O NEAR HOLY PUBLIC SCHOOL SIKANDRA AGRA","NEAR FCI GODOWN G T ROAD ETAH","12721059000007","State License","Active","2023-03-21T14:30:27.216806+01:00","2025-02-09T14:41:40.171465+01:00","fssai"
"6949208","Indian Railways - Food Vending Establishment","PRIYDARSHANI MAGASVARGIYA VIKAS MAHILA MANDL SA - EKLAVYA INTERNATIONAL PUBLIC SCHOOL AND HOSTEL - SOW. SAVITA MAROTI KANTHEWAD ( PRESIDENT)","GAT NO. 95 BAMANI DABHAD ROAD TQ. ARDHAPUR DIST. NANDED-431704","11522048000048","State License","Active","2023-03-31T14:02:44.88549+02:00","2024-09-18T17:40:40.538104+02:00","fssai"
"260826439","Konkan Railway - Club_Canteen","DELHI PUBLIC SCHOOL","SECTOR-12, R.K. PURAM ","13324009000280","State License","Active","2024-06-26T20:52:17.445815+02:00","2024-09-18T19:20:02.556941+02:00","fssai"
"460850","Trade_Retail - Retailer","M/S PADMAVATI AGENCIES PROP- PRASHANT JAIN S/O PRAMOD KUMAR JAIN R/O NEAR HOLY PUBLIC SCHOOL SIKANDRA AGRA","NEAR FCI GODOWN G T ROAD ETAH","12721059000008","State License","Active","2023-03-31T13:36:14.429564+02:00","2024-11-06T16:00:35.643604+01:00","fssai"
"3924468","Manufacturer -  General Manufacturing","M/S  JAI DURGE SWEETS HOUSE PROP-OMKAR SINGH S/O MAHAVIR SINGH R/O NEAR S. B. PUBLIC SCHOOL SHYAM VIHAR COLONY  AGRA ROAD ETAH","SHYAM VIHAR COLONY AGRA ROAD ETAH","12717059000132","State License","Active","2023-03-17T21:25:39.037743+01:00","2025-11-18T16:26:19.197693+01:00","fssai"
"307926","Konkan Railway - Club_Canteen","THE INDIAN PUBLIC SCHOOL / DR. S.S. CHINNUSAMI (CHAIRMAN)","S.NO.46/1,46/2, NEAR KURUMBAPATTI ZIOLOGICAL PARK,KANNANKURICHI POST,CHETTICHAVADI, SALEM.","12417018000163","State License","Active","2023-03-31T22:53:07.690957+02:00","2024-09-18T19:19:27.552588+02:00","fssai"
"950625","Food Services - Club_Canteen","CHENNAI PUBLIC SCHOOL (KUPIDISAATHAM NARAYANASWAMI EDUCATIONAL TRUST)","NO.50, THIRUVALLUR HIGH ROAD,THIRUMAZHISAI,POONAMALLEE (TK),CHENNAI - 600 124.","12417023000875","State License","Active","2023-03-27T03:36:15.268614+02:00","2024-09-18T16:14:15.197299+02:00","fssai"
"6338502","Central Govt Agencies - Wholesaler","M/s S.M Traders(Prop Sahil Mahajan S/o Sh Parveen Kumar Gupta R/o 125, Lane 10, Adarsh Vihar, Near Jodhamal Public School, Sainik Colony)","Ext 24-A Nehru Market","11022150000424","State License","Active","2023-03-31T16:47:06.789445+02:00","2024-09-18T18:16:59.229484+02:00","fssai"
"7705884","Trade_Retail - Wholesaler","SHREE BALAJI AGENCIES , INFRONT OF GOVIND PUBLIC SCHOOL, ONDELA ROAD , DHOLPUR","Mukesh Kumar Mittal s/o Mr. Deen Dayal Mittal, Chobdar Mohalla , Dholpur","12222022000042","State License","Active","2023-03-19T23:49:10.899215+01:00","2025-02-09T14:36:10.702554+01:00","fssai"
"1505611","Central Govt Agencies - Wholesaler","M/S PADMAVATI AGENCIES PROP- PRASHANT JAIN S/O PRAMOD KUMAR JAIN R/O NEAR HOLY PUBLIC SCHOOL SIKANDRA AGRA","NEAR FCI GODOWN G T ROAD ETAH","12721059000008","State License","Active","2023-03-31T17:22:13.35596+02:00","2024-09-18T18:18:18.055532+02:00","fssai"
"7291023","Airport_Seaport - Wholesaler","M/S MAA MAHAKALI SERVICES ,GOLDEN PUBLIC SCHOOL ,NA ,W,NO-07, NH 327, CHAKLA NIRMALI ,SUPAUL","M/S MAA MAHAKALI SERVICES ,GOLDEN PUBLIC SCHOOL ,NA , W.NO-07, NH 327, CHAKLA NIRMALI ,SUPAUL","10423300000017","State License","Active","2023-03-31T13:04:28.852532+02:00","2024-09-18T16:32:54.642274+02:00","fssai"
"338094315","Indian Railways - Food Vending Establishment","RAVINDRA PUBLIC SCHOOL SANSTHAN JHUNJHUNU","WARD NO 11, KISSAN COLONY","12224031000180","State License","Active","2024-08-28T17:05:47.779573+02:00","2024-09-18T17:41:11.639961+02:00","fssai"
"318758","Airport_Seaport - Retailer","MS. CHETNA SAHAY / COEVAL PUBLICATIONS PRIVATE LIMITED (ICE-CREAM PARLOR)","SHOP NO.16 SHREE RAMKRISHNA CO-OPERATIVE HOUSING SOCIETY LIMITED, SITUATED ON PLOT NO-46/47 AT SECTOR-40, SEAWOODS-WEST, NERUL, NAVI MUMBAI, 400706","11519017000038","State License","Active","2023-03-29T16:07:37.876863+02:00","2024-09-18T17:02:47.821522+02:00","fssai"
"5414979","Indian Railways - Caterer","THE NEW DIGAMBER PUBLIC SCHOOL TIRTHANJALI EDU COMPANY","KHASRA NO.65/1,65/2,75/2,76/2 LIMBODI KHANDAWA ROAD INDORE","11414850001080","State License","Active","2023-03-31T18:05:13.853683+02:00","2024-09-18T17:31:46.133031+02:00","fssai"
"61800","Indian Railways - Caterer","SHRI SHANESHWAR DEVASTHAN PUBLIC TRUST ADHYAKSHA","A/P M.NO.1/28 SHINGNAPUR TAL NEWASA DIST AHMEDNAGAR","11519033000037","State License","Active","2023-03-31T18:02:16.033575+02:00","2024-09-18T17:32:46.631262+02:00","fssai"
"1216228","Central Govt Agencies - Storage (Except Controlled Atmosphere and Cold)","M/S PADMAVATI AGENCIES PROP- PRASHANT JAIN S/O PRAMOD KUMAR JAIN R/O NEAR HOLY PUBLIC SCHOOL SIKANDRA AGRA","NEAR FCI GODOWN G T ROAD ETAH","12721059000008","State License","Active","2023-03-31T14:39:37.540727+02:00","2024-09-18T18:01:13.822195+02:00","fssai"
"278438044","Konkan Railway - Club_Canteen","M/S DELHI PUBLIC SCHOOL CANTEEN","MAHARAJA HARI SINGH SHAHIDI CHOWK RESIDENCY ROAD","11024150000215","State License","Active","2024-07-10T18:29:10.617114+02:00","2024-09-18T19:20:02.358076+02:00","fssai"
"6196761","Food Services - Club_Canteen","Delhi Public School ( A Unit Of Jagran Social Welfare Society)","DPS Kolar Road Bhopal Campus, Bairagarh Chichli Kolar Road Bhopal","11419010000396","State License","Active","2023-03-27T05:30:58.046025+02:00","2024-09-18T16:14:18.398682+02:00","fssai"
"1957972","Food Services - Club_Canteen","INDIAN PUBLIC SCHOOL PVT.LTD","193, SATHY ROAD, S.S.KULAM (PO), COIMBATORE 641107","12421003000514","State License","Active","2023-03-27T07:08:15.356643+02:00","2024-09-18T16:13:41.911675+02:00","fssai"
"165596035","Konkan Railway - Club_Canteen","GOVT ANM TRAINING SCHOOL, INSTITUTE OF PUBLIC HEALTH","OLD POLICE STATION ROAD , INSTITUTE OF PUBLIC HEALTH , KARAYANCHAVADI , POONAMALLEE , CHENNAI - 600 056","12424023000470","State License","Active","2024-04-10T18:44:49.382918+02:00","2024-09-18T19:19:55.986674+02:00","fssai"
"8054524","Konkan Railway - Caterer","H.S.MAHADEVASWAMY / PUBLIC CATERING SERVICE","H.S.Mahadevaswamy S/o Shivakumaraswamy,Public Catering Service,District Hospital Premises,B.Rachaiah Double Road,Chamarajanagar","11220308000043","State License","Active","2023-03-31T22:42:07.525144+02:00","2024-09-18T19:17:42.469605+02:00","fssai"
"5460483","Airport_Seaport - Distributor","M/S PUNDHIR TRADERS PROP- SUNITA KUMARI W/O YOGENDRA PAL SINGH R/O 14 GANDHI MARKET ROAD NEAR PREM PUBLIC SCHOOL SHYAM NAGAR ETAH","SHIVSINGHPUR SAHAWAR ROAD ETAH","12721059000057","State License","Active","2023-03-31T17:48:33.148679+02:00","2024-09-18T17:27:16.012719+02:00","fssai"
"5992734","Trade_Retail - Storage (Except Controlled Atmosphere and Cold)","M/S BANARASI DAS PRAMOD KUMAR PROP- PRAMOD KUMAR JAIN S/O BANARASI DAS JAIN R/O NEAR HOLY PUBLIC SCHOOL SIKANDRA AGRA","NEAR FCI GODOWN G T ROAD ETAH","12721059000007","State License","Active","2023-03-31T09:14:25.748876+02:00","2025-02-25T12:52:15.780471+01:00","fssai"
"340775844","Konkan Railway - Club_Canteen","RAVINDRA PUBLIC SCHOOL SANSTHAN JHUNJHUNU","WARD NO 11, KISSAN COLONY","12224031000180","State License","Active","2024-08-28T18:28:28.514693+02:00","2024-09-18T19:20:08.680392+02:00","fssai"
"6887143","Airport_Seaport - Wholesaler","MAHADEV ENETERPRISES PROP. SURAJ KUMAR C/O ANUP TIWARI WARD NO. 21 NEAR LAKSHYA PUBLIC SCHOOL KUDRA BYPASS ROAD BHABUA, P.O+P.S- BHABUA, DIST- KAIMUR (BHABUA) , STATE-BIHAR 821101","MAHADEV ENTERPRISES PROP. SURAJ KUMAR C/O ANUP TIWARI WARD NO. 21 NEAR LAKSHYA PUBLIC SCHOOL  KUDRA BYPASS ROAD BHABUA, P.O+P.S- BHABUA, DIST- KAIMUR (BHABUA), STATE- BIHAR 821101","10423050000085","State License","Active","2023-08-31T15:47:56.471803+02:00","2024-09-18T16:35:36.181333+02:00","fssai"
"317562738","Food Services - Restaurants","AZIZ MUHAMMED COMMUNITY HALL / HASHIMI PUBLIC CHARITABLE TRUST","16D / 354,355 PAIKI T.P.NO.23, MADNI SOCIETY, NEAR ALFESANI SCHOOL, GORAT NEW COZWAY ROAD, RANDER ROAD, SURAT","10724031001041","State License","Active","2024-08-14T15:41:08.069981+02:00","2024-09-18T16:04:34.329553+02:00","fssai"
"238388632","Food Services - Club_Canteen","GURU NANAK PUBLIC SCHOOL DALHOUSIE ","BUS STOP GPO ROPAD MOTI TIBA DALHOUSIE ","10924002000024","State License","Active","2024-06-12T18:30:54.558514+02:00","2024-09-18T16:14:10.856982+02:00","fssai"
"4508331","Manufacturer - Dairy units","M/S AGRAWAL DAIRY C/O SATISH KUMAR S/O SHIV NARAYAN SHUKLA R/O SALEMPUR ROAD GHURELAL PUBLIC SCHOOL VINOVA NAGAR SADABAD DISTT HATHRAS","VIDHYA COLD PARISAR, BY PASS ROAD  JALESAR ETAH","12723059000053","State License","Active","2023-04-17T12:21:39.230083+02:00","2025-01-28T18:54:13.674585+01:00","fssai"
"3458738","Trade_Retail - Retailer","Shree Surat Panjarapole Public Charitable Trust","Opp.Children Traffic Training Park,Ghod dod Road,Surat.","10717031000113","State License","Active","2023-03-31T12:36:42.536228+02:00","2024-11-06T15:57:51.994686+01:00","fssai"
"3601707","Airport_Seaport - Wholesaler","M/S. PUBLIC BAZAR PEN / MR. BHAVARLAL BHAGARAM DEVASI  ( PRO.OF)","HOUSE NO.94, NEAR NAGARPALIKA  PEN, LAL BAHADUR SHASTRI MARG , AT.PO.TAL.PEN, DIST. RAIGAD","11521024001721","State License","Active","2023-03-31T12:49:15.978987+02:00","2024-09-18T16:31:33.983003+02:00","fssai"
"141974250","Trade_Retail - Distributor","M/S SHIKHAR PUBLIC SERVICES","851MIN RAJENDRA NAGAR NEAR NAVEEN SABJI MANDI NAWABGANJ","12724022000042","State License","Active","2024-03-27T14:53:00.164263+01:00","2025-03-18T15:53:08.163411+01:00","fssai"
"241124745","Indian Railways - Club_Canteen","SPRING MOUNT PUBLIC SCHOOL ","NO.514/2 & 3, PUDUPALAYAM VILLAGE, MANGALAM ROAD, VANJIPALAYAM","12424027000534","State License","Active","2024-06-12T20:08:03.469769+02:00","2024-09-18T17:57:28.611213+02:00","fssai"
"7058873","Konkan Railway - Restaurants","M/S REGENCY PUBLIC SCHOOL","BOARDING HOUSE PLACE AND MENU REGENCY PUBLIC SCHOOL REGENCY ENCLAVE RESOURA SITAPUR","12717067000044","State License","Active","2023-03-31T18:19:36.7685+02:00","2024-09-18T19:27:37.495775+02:00","fssai"
"1071118","Central Govt Agencies - Retailer","M/S  JAI DURGE SWEETS HOUSE PROP-OMKAR SINGH S/O MAHAVIR SINGH R/O NEAR S. B. PUBLIC SCHOOL SHYAM VIHAR COLONY  AGRA ROAD ETAH","SHYAM VIHAR COLONY AGRA ROAD ETAH","12717059000132","State License","Active","2023-03-31T21:49:49.801824+02:00","2024-09-18T19:13:01.220986+02:00","fssai"
"3549330","Konkan Railway - Club_Canteen","DELHI PUBLIC SCHOOL CANTEEN ","AMBAPUR, KOBA-ADALAJ LINK ROAD, NEAR KOBA CIRCLE, DIST-GANDHINAGAR","10723009000195","State License","Active","2023-09-12T18:40:09.287321+02:00","2024-09-18T19:20:08.865049+02:00","fssai"
"43024542","Food Services - Hotel","M/S PUBLIC INSIDE LOUNG INSIDE ","1)KAMLESH L.BHADRA 2)KAILASHNATH M.SINGH 3)SUDIP S.MAITY 4)SUBODH S.TAMSE 5)KAUSTUBH M.MHATRE(PARNTERS)-PLOT NO S NO.42,GR FLR,NR MOHAN SRUSHTI ,HANUMAN NAGAR ROAD,KACHORE ROAD,KALYAN-E,DIST-THANE ","11523021000461","State License","Active","2024-01-03T15:56:51.312764+01:00","2024-09-18T15:51:59.493196+02:00","fssai"
"1607374","Konkan Railway - Caterer","SHRI SHANESHWAR DEVASTHAN PUBLIC TRUST ADHYAKSHA","A/P M.NO.1/28 SHINGNAPUR TAL NEWASA DIST AHMEDNAGAR","11519033000037","State License","Active","2023-03-31T22:34:31.360942+02:00","2024-09-18T19:17:28.081567+02:00","fssai"
"337782015","Airport_Seaport - Distributor","M/S PUBLIC MEDICAL AGENCY","BLOCK-B, ROOM NO-7, 1ST FOOR,LALGOLA MAHARAJA ROAD MARKET","12824011000206","State License","Active","2024-08-28T16:55:20.587074+02:00","2024-09-18T17:28:30.70102+02:00","fssai"
"8064884","Konkan Railway - Club_Canteen","SOHAM FOUNDATION'S, NALANDA PUBLIC SCHOOL CANTEEN (PROPRIETOR  MR. CHAITANYA NANDLAL PAREKH)","HARI OM NAGAR, OFF. EASTERN EXPRESS HIGHWAY, BEHIND OCTROI NAKA, MULUND (EAST), MUMBAI - 400081","11518009000209","State License","Active","2023-03-31T22:55:49.364098+02:00","2024-09-18T19:19:53.821927+02:00","fssai"
"255815443","Food Services - Food Vending Establishment","WARDEN. AKSHARA INTERNATIONAL PUBLIC SCHOOL.","HOSTEL  KOWDLE , MADDUR TALUK, MANDYA DISTRICT.","11224322000256","State License","Active","2024-06-26T17:58:03.822691+02:00","2024-09-18T16:12:05.114827+02:00","fssai"
"7821108","Trade_Retail - Distributor","M/S PUNDHIR TRADERS PROP- SUNITA KUMARI W/O YOGENDRA PAL SINGH R/O 14 GANDHI MARKET ROAD NEAR PREM PUBLIC SCHOOL SHYAM NAGAR ETAH","SHIVSINGHPUR SAHAWAR ROAD ETAH","12721059000057","State License","Active","2023-03-31T10:57:54.185186+02:00","2025-03-18T15:53:06.99483+01:00","fssai"
"2653762","Airport_Seaport - Retailer","M/S TERNA PUBLIC CHARITABLE TRUSTS MEDICAL STORE","ROOM NO.31 & 32,GR FLR,TERNA SPECIALITY HOSPITAL & RESEARCH CENTER,SEC-22,PHASE-2,NERUL -W,NAVI MUMBAI","11523016000020","State License","Active","2023-03-29T17:11:25.965061+02:00","2024-09-18T17:05:49.937757+02:00","fssai"
"4981467","Airport_Seaport - Storage (Controlled Atmosphere + Cold)","INTEGRATED PUBLIC SAFETY SYSTEMS PRIVATE LIMITED","(1)UNIT C, BLOCK NO. 796, OPP. HOTEL ALPHA, ASLAI, BY PASS ROAD, N.H.-8, ASLALI, AHMEDABAD-382427 (2)BLOCK NO. 816, 817, 818, 819 & 820, OPP. ALFA HOTEL, ASLALI, TA:DASKROI, AHMEDABAD-382427","10718002000146","State License","Active","2023-03-31T17:51:31.965237+02:00","2024-09-18T17:29:05.495077+02:00","fssai"
"952976","Food Services - Club_Canteen","SKL PUBLIC MATRICULATION HIGHER SECONDARY SCHOOL / RADHAMANI. G","SKL PUBLIC MATRICULATION HIGHER SECONDARY SCHOOL,MAIN ROAD, PATCHAM PALAYAM, AVINASHI TK, TIRUPUR DT","12422027001359","State License","Active","2023-03-27T08:02:56.704492+02:00","2024-09-18T16:14:20.459891+02:00","fssai"
"5350965","Central Govt Agencies - Distributor","M/S P & G ENTERPRISES PROP- EKTA JAIN W/O PRASHANT JAIN R/O NEAR HOLY PUBLIC SCHOOL SIKANDRA AGRA","NEAR FCI GODOWN G T ROAD ETAH","12721059000005","State License","Active","2023-03-31T17:31:39.994556+02:00","2024-09-18T18:36:44.337633+02:00","fssai"
"6262775","Indian Railways - Caterer","VILE PARLE MEDICAL CLUB PUBLIC HEALTH TRUST","VILE PARLE MEDICAL CLUB PUBLIC HEALTH TRUST, SANT DYANESHWAR ROAD, NEAR PVR CHANDAN CINEMA, JUHU, VILE PARLE (W), MUMBAI-400049","11519006000596","State License","Active","2023-03-31T18:04:18.888801+02:00","2024-09-18T17:33:13.926421+02:00","fssai"
"1950553","Food Services - Club_Canteen","THE INDIAN PUBLIC SCHOOL / DR. S.S. CHINNUSAMI (CHAIRMAN)","S.NO.46/1,46/2, NEAR KURUMBAPATTI ZIOLOGICAL PARK,KANNANKURICHI POST,CHETTICHAVADI, SALEM.","12417018000163","State License","Active","2023-03-27T07:02:42.334045+02:00","2024-09-18T16:13:41.131664+02:00","fssai"
"6893831","Trade_Retail - Wholesaler","M/S P & G ENTERPRISES PROP- EKTA JAIN W/O PRASHANT JAIN R/O NEAR HOLY PUBLIC SCHOOL SIKANDRA AGRA","NEAR FCI GODOWN G T ROAD ETAH","12721059000005","State License","Active","2023-03-21T16:36:38.633088+01:00","2025-02-09T14:41:40.171465+01:00","fssai"
"7254427","Food Services - Club_Canteen","SOHAM FOUNDATION'S, NALANDA PUBLIC SCHOOL CANTEEN (PROPRIETOR  MR. CHAITANYA NANDLAL PAREKH)","HARI OM NAGAR, OFF. EASTERN EXPRESS HIGHWAY, BEHIND OCTROI NAKA, MULUND (EAST), MUMBAI - 400081","11518009000209","State License","Active","2023-03-27T08:50:02.816355+02:00","2024-09-18T16:14:05.214732+02:00","fssai"
"339636620","Central Govt Agencies - Distributor","M/S PUBLIC MEDICAL AGENCY","BLOCK-B, ROOM NO-7, 1ST FOOR,LALGOLA MAHARAJA ROAD MARKET","12824011000206","State License","Active","2024-08-28T17:53:39.40607+02:00","2024-09-18T18:40:02.164791+02:00","fssai"
"259714691","Central Govt Agencies - Distributor","V ENTERPRISES/ VEERENDRA KUMAR  S GROUND FLOOR 225/223/13/1/13/2/A1 SRI KRISHNA KRUPA MARALUBAGILU MAIN ROAD SHREENIKETHAN PUBLIC SCHOOL MARALABAGILU MARALABAGAL ROAD DEVANAHALLI BANGALORE RURAL","GROUND FLOOR 225/223/13/1/13/2/A1 SRI KRISHNA KRUPA MARALUBAGILU MAIN ROAD SHREENIKETHAN PUBLIC SCHOOL MARALABAGILU MARALBAGAL ROAD DEVANAHALLI BANGALORE RURAL","11224303000371","State License","Active","2024-06-26T20:16:43.729401+02:00","2024-09-18T18:39:37.580166+02:00","fssai"
"5148971","Airport_Seaport - Wholesaler","M/S PUNDHIR TRADERS PROP- SUNITA KUMARI W/O YOGENDRA PAL SINGH R/O 14 GANDHI MARKET ROAD NEAR PREM PUBLIC SCHOOL SHYAM NAGAR ETAH","SHIVSINGHPUR SAHAWAR ROAD ETAH","12721059000057","State License","Active","2023-03-31T13:06:58.464715+02:00","2024-09-18T16:33:19.953668+02:00","fssai"
"260675846","Central Govt Agencies - Retailer","V ENTERPRISES/ VEERENDRA KUMAR  S GROUND FLOOR 225/223/13/1/13/2/A1 SRI KRISHNA KRUPA MARALUBAGILU MAIN ROAD SHREENIKETHAN PUBLIC SCHOOL MARALABAGILU MARALABAGAL ROAD DEVANAHALLI BANGALORE RURAL","GROUND FLOOR 225/223/13/1/13/2/A1 SRI KRISHNA KRUPA MARALUBAGILU MAIN ROAD SHREENIKETHAN PUBLIC SCHOOL MARALABAGILU MARALBAGAL ROAD DEVANAHALLI BANGALORE RURAL","11224303000371","State License","Active","2024-06-26T20:47:33.83355+02:00","2024-09-18T19:12:30.588506+02:00","fssai"
"4936073","Central Govt Agencies - Retailer","SRISHTI PUBLIC CHARITABLE TRUST","The Deli-Confectionery Unit Outlet,Srishti Public Charitable Trust,KDHP Sales Outlet,KDHP House,Munnar","11317006000083","State License","Active","2023-03-31T21:31:22.889948+02:00","2024-09-18T19:03:31.173647+02:00","fssai"
"1696395","Indian Railways - Club_Canteen","THE INDIAN PUBLIC SCHOOL","S F NO 371/1&379/1,PAZHAMAPURAM,POOLAMPALAYAM POST,PUNNAM VILLAGE,KARUR","12421010000290","State License","Active","2023-03-31T14:08:35.433942+02:00","2024-09-18T17:56:53.539082+02:00","fssai"
"255207112","Trade_Retail - Retailer","V ENTERPRISES/ VEERENDRA KUMAR  S GROUND FLOOR 225/223/13/1/13/2/A1 SRI KRISHNA KRUPA MARALUBAGILU MAIN ROAD SHREENIKETHAN PUBLIC SCHOOL MARALABAGILU MARALABAGAL ROAD DEVANAHALLI BANGALORE RURAL","GROUND FLOOR 225/223/13/1/13/2/A1 SRI KRISHNA KRUPA MARALUBAGILU MAIN ROAD SHREENIKETHAN PUBLIC SCHOOL MARALABAGILU MARALBAGAL ROAD DEVANAHALLI BANGALORE RURAL","11224303000371","State License","Active","2024-06-26T17:34:46.123337+02:00","2024-11-06T16:09:55.637667+01:00","fssai"
"915708","Indian Railways - Club_Canteen","SOHAM FOUNDATION'S, NALANDA PUBLIC SCHOOL CANTEEN (PROPRIETOR  MR. CHAITANYA NANDLAL PAREKH)","HARI OM NAGAR, OFF. EASTERN EXPRESS HIGHWAY, BEHIND OCTROI NAKA, MULUND (EAST), MUMBAI - 400081","11518009000209","State License","Active","2023-03-31T14:13:28.853379+02:00","2024-09-18T17:57:25.607487+02:00","fssai"
"1252262","Indian Railways - Club_Canteen","INDIAN PUBLIC SCHOOL PVT.LTD","193, SATHY ROAD, S.S.KULAM (PO), COIMBATORE 641107","12421003000514","State License","Active","2023-03-31T14:09:34.639299+02:00","2024-09-18T17:56:57.064285+02:00","fssai"
"8094378","Food Services - Restaurants","PATEL PARBHUDAS KISHORDAS BIDIWALA PUBLIC TRUST SANCHALIT REVA-PRABHU SADAN","TRUSTEES OF.KIRTIKUMAR P PATEL, PATEL ASHOKKUMAR P,PATEL DHRUVKUMAR J,PATEL AMRISHKUMAR J,MI NO.101593/100554/100555/100556,DANTA ROAD,AMBAJI TA.DANTA DIST.BANASKANTHA","10718005000024","State License","Active","2023-03-31T09:19:07.966683+02:00","2024-09-18T16:01:09.874601+02:00","fssai"
"3609713","Airport_Seaport - Storage (Except Controlled Atmosphere and Cold)","M/S PADMAVATI AGENCIES PROP- PRASHANT JAIN S/O PRAMOD KUMAR JAIN R/O NEAR HOLY PUBLIC SCHOOL SIKANDRA AGRA","NEAR FCI GODOWN G T ROAD ETAH","12721059000008","State License","Active","2023-03-31T11:19:48.595914+02:00","2024-09-18T16:38:11.777399+02:00","fssai"
"6600933","Trade_Retail - e-Commerce","KLA India Public Limited","2nd Mile Stone, Kiccha Road, Rudrapur                                                                                                                                                            ","10013012000239","Central License","Active","2023-03-31T08:13:03.187618+02:00","2024-09-18T15:48:53.321105+02:00","fssai"
"7110223","Food Services - Mid-Day meal - Caterer","SRI VISHWANATH CHINTANALLI SECRETARY LATE NARASAPPA CHINTANALLI MEMORIAL EDUCATION SOCIETY MID DAY MEALS PREPARED FOOD OLD PUBLIC SCHOOL BUILDING MAIN ROAD CHAKARAKATTA","MID DAY MEALS PREPARED FOOD OLD PUBLIC SCHOOL BUILDING MAIN ROAD CHAKARAKATTA YADGIRI","11223330000047","State License","Active","2023-06-10T17:57:26.646205+02:00","2024-09-18T15:49:13.189556+02:00","fssai"
"6761848","Food Services - Hotel","MANBHUM SAMBAD PUBLICATION PRIVATE LIMITED","Vill & Mouza Dulmi, Plot No. 231,232,233, J.L. No. 04, Under Sonaijuri GP, P.O. Dulmi-Nadiha,","12823016000012","State License","Active","2023-03-19T03:53:01.3874+01:00","2024-09-18T15:51:56.667384+02:00","fssai"
"4609","Central Govt Agencies - Wholesaler","MAHADEV ENETERPRISES PROP. SURAJ KUMAR C/O ANUP TIWARI WARD NO. 21 NEAR LAKSHYA PUBLIC SCHOOL KUDRA BYPASS ROAD BHABUA, P.O+P.S- BHABUA, DIST- KAIMUR (BHABUA) , STATE-BIHAR 821101","MAHADEV ENTERPRISES PROP. SURAJ KUMAR C/O ANUP TIWARI WARD NO. 21 NEAR LAKSHYA PUBLIC SCHOOL  KUDRA BYPASS ROAD BHABUA, P.O+P.S- BHABUA, DIST- KAIMUR (BHABUA), STATE- BIHAR 821101","10423050000085","State License","Active","2023-08-31T16:59:50.76681+02:00","2024-09-18T18:24:36.56679+02:00","fssai"
"370343664","Manufacturer - Meat processing units"," MOHAMMED SHAHE JAHAN / PUBLIC MEAT STALL"," 07, OLD BYAPPANAHALLI ROAD, M S NAGAR POST, BANGALORE","21224191000415","Registration","Active","2024-11-06T13:16:31.617463+01:00","2025-02-01T07:14:44.037192+01:00","fssai"
"370376845","Manufacturer - Vegetable oil and processing units","TAMILNADU PUBLIC DISTRIBUTION SYSTEM","KALIYAMMAN KOVIL STREETSINGARAVADI VILLAGE","22420253000195","Registration","Active","2024-11-06T13:19:23.433505+01:00","2025-02-02T12:05:13.668346+01:00","fssai"
"370376842","Manufacturer - Vegetable oil and processing units","TAMILNADU PUBLIC DISTRIBUTION SYSTEM","BAJANAI KOVIL STREETKILPALUR VILLAGE","22420253000180","Registration","Active","2024-11-06T13:19:23.433505+01:00","2025-02-02T12:05:13.668346+01:00","fssai"
"370376846","Manufacturer - Vegetable oil and processing units","TAMILNADU PUBLIC DISTRIBUTION SYSTEM","VEERALUR MAIN ROADPATTIYANDAL VILLAGE","22420253000196","Registration","Active","2024-11-06T13:19:23.433505+01:00","2025-02-02T12:05:13.668346+01:00","fssai"
"370376847","Manufacturer - Vegetable oil and processing units","TAMILNADU PUBLIC DISTRIBUTION SYSTEM","MAIN ROAD KADALADI 1 VILLAGE   KALASAPAKKAM TALUK","22420253000197","Registration","Active","2024-11-06T13:19:23.433505+01:00","2025-02-02T12:05:13.668346+01:00","fssai"
"370376848","Manufacturer - Vegetable oil and processing units","TAMILNADU PUBLIC DISTRIBUTION SYSTEM","KOSA STREET KADALADI 2 VILLAGEKALASAPAKKAM TALUK","22420253000198","Registration","Active","2024-11-06T13:19:23.433505+01:00","2025-02-02T12:05:13.668346+01:00","fssai"
"370376849","Manufacturer - Vegetable oil and processing units","TAMILNADU PUBLIC DISTRIBUTION SYSTEM","MANTHAVELI STREET KADALADI 3 KALASAPAKKAM TALUK","22420253000199","Registration","Active","2024-11-06T13:19:23.433505+01:00","2025-02-02T12:05:13.668346+01:00","fssai"
"370376850","Manufacturer - Vegetable oil and processing units","TAMILNADU PUBLIC DISTRIBUTION SYSTEM","REDDIAR STREET MELPALUR VILLAGE","22420253000200","Registration","Active","2024-11-06T13:19:23.433505+01:00","2025-02-02T12:05:13.668346+01:00","fssai"
"370376851","Manufacturer - Vegetable oil and processing units","TAMILNADU PUBLIC DISTRIBUTION SYSTEM","RAMASAMIPURAM MELPALUR VILLAGE KALASAPAKKAM TALUK","22420253000201","Registration","Active","2024-11-06T13:19:23.433505+01:00","2025-02-02T12:05:13.668346+01:00","fssai"
"370376852","Manufacturer - Vegetable oil and processing units","TAMILNADU PUBLIC DISTRIBUTION SYSTEM","MAIN ROAD MATTAVETTU VILLAGE KALASAPAKKAM TK","22420253000202","Registration","Active","2024-11-06T13:19:23.433505+01:00","2025-02-02T12:05:13.668346+01:00","fssai"
"254040648","Trade_Retail - Distributor","V ENTERPRISES/ VEERENDRA KUMAR  S GROUND FLOOR 225/223/13/1/13/2/A1 SRI KRISHNA KRUPA MARALUBAGILU MAIN ROAD SHREENIKETHAN PUBLIC SCHOOL MARALABAGILU MARALABAGAL ROAD DEVANAHALLI BANGALORE RURAL","GROUND FLOOR 225/223/13/1/13/2/A1 SRI KRISHNA KRUPA MARALUBAGILU MAIN ROAD SHREENIKETHAN PUBLIC SCHOOL MARALABAGILU MARALBAGAL ROAD DEVANAHALLI BANGALORE RURAL","11224303000371","State License","Active","2024-06-26T16:51:53.535374+02:00","2025-03-18T15:54:10.83732+01:00","fssai"
"370397237","Manufacturer - Vegetable oil and processing units","TAMILNADU PUBLIC DISTRIBUTION SYSTEM","THERADI STREET   KILPALUR 2","22422253000225","Registration","Active","2024-11-06T13:19:44.417567+01:00","2025-02-02T12:05:36.280499+01:00","fssai"
"370400226","Manufacturer - Vegetable oil and processing units","TAMILNADU PUBLIC DISTRIBUTION SYSTEM","MAIN ROAD  ,KILKUPPAM VILLAGE","22423253000028","Registration","Active","2024-11-06T13:19:48.213052+01:00","2025-02-02T12:05:39.554596+01:00","fssai"
"333830445","Trade_Retail - Distributor","M/S PUBLIC MEDICAL AGENCY","BLOCK-B, ROOM NO-7, 1ST FOOR,LALGOLA MAHARAJA ROAD MARKET","12824011000206","State License","Active","2024-08-28T14:53:22.973039+02:00","2025-03-18T15:54:47.511142+01:00","fssai"
"370004504","Manufacturer -  General Manufacturing","UNION PUBLIC PRIMARY SCHOOL ARCHUNAPURAM","UNION PUBLIC PRIMARY SCHOOL, ARCHUNAPURAM, KHANSAPURAM POST, WATRAP TALUK","22423383000364","Registration","Active","2024-11-06T13:05:22.419587+01:00","2025-01-28T05:52:11.309933+01:00","fssai"
"2460357","Trade_Retail - Distributor","M/S P & G ENTERPRISES PROP- EKTA JAIN W/O PRASHANT JAIN R/O NEAR HOLY PUBLIC SCHOOL SIKANDRA AGRA","NEAR FCI GODOWN G T ROAD ETAH","12721059000005","State License","Active","2023-03-31T10:52:15.102564+02:00","2025-03-18T15:56:16.299479+01:00","fssai"
"2280451","Trade_Retail - Distributor","OASIS PUBLICITY","222, INDALGANJ, MOHIBULLAPUR, SITAPUR ROAD, LUCKNOW","12719066001015","State License","Active","2023-03-31T10:42:58.340938+02:00","2025-03-18T15:55:15.249229+01:00","fssai"
"141458846","Trade_Retail - Wholesaler","SRI CHIDRUPA PRODUCTS SERVICES PUBLICATIONS PRIVATE LIMITED","H NO 2-1-563/14, OPP TO SHANKERMUTT, TEMPLE ,NALLAKUNTA ,","13624999000175","Central License","Active","2024-03-27T14:35:50.292046+01:00","2025-02-09T14:41:48.014829+01:00","fssai"
"370005208","Manufacturer -  General Manufacturing","PANCHAYAT UNION PUBLIC SCHOOL ALAGAPURI","PANCHAYAT UNION PUBLIC SCHOOL, ALAGAPURI POST, WATRAP TALUKA","22423383000375","Registration","Active","2024-11-06T13:05:23.025191+01:00","2024-11-06T13:05:23.025191+01:00","fssai"
"370032304","Manufacturer -  General Manufacturing","AYUSH JEEVA PUBLICITY","AYUSH JEEVA PUBLICITY","21323225000179","Registration","Active","2024-11-06T13:05:44.856549+01:00","2025-01-28T05:50:42.725995+01:00","fssai"
"6654924","Trade_Retail - Wholesaler","M/S. PUBLIC BAZAR PEN / MR. BHAVARLAL BHAGARAM DEVASI  ( PRO.OF)","HOUSE NO.94, NEAR NAGARPALIKA  PEN, LAL BAHADUR SHASTRI MARG , AT.PO.TAL.PEN, DIST. RAIGAD","11521024001721","State License","Active","2023-03-31T08:36:09.029759+02:00","2025-02-09T14:41:21.004009+01:00","fssai"
"2874822","Manufacturer -  General Manufacturing","M/S. ANNAPURNA PUBLIC MILLING M. OIL EXPELLER (PROPRIETOR) MULCHAND AGARWALA","Goreswar Main Road,  P.O. and P.S. Goreswar,  Gobindapur, Baksa, Assam ","10322010000013","State License","Active","2023-03-17T13:50:51.24521+01:00","2025-11-18T16:13:53.599124+01:00","fssai"
"6489491","Manufacturer -  General Manufacturing","M/S ANNAPURNA PUBLIC MILLING (Manufacturing, Relabeller, Repacker)","Prop : MULCHAND AGARWALA, S/o- Parmeshwar Lal Agarwala, No. 2 Goreswar, Near Railway Crossing, Po&Ps- Goreswar, Baksa, BTR, Assam","10323010000020","State License","Active","2023-07-23T13:29:22.457353+02:00","2025-11-18T16:19:40.31268+01:00","fssai"
"6782003","Trade_Retail - Distributor","M/S BANARASI DAS PRAMOD KUMAR PROP- PRAMOD KUMAR JAIN S/O BANARASI DAS JAIN R/O NEAR HOLY PUBLIC SCHOOL SIKANDRA AGRA","NEAR FCI GODOWN G T ROAD ETAH","12721059000007","State License","Active","2023-03-31T10:51:03.549283+02:00","2025-03-18T15:56:16.299479+01:00","fssai"
"3782749","Manufacturer -  General Manufacturing","M/S. PUBLIC BAZAR PEN / MR. BHAVARLAL BHAGARAM DEVASI  ( PRO.OF)","HOUSE NO.94, NEAR NAGARPALIKA  PEN, LAL BAHADUR SHASTRI MARG , AT.PO.TAL.PEN, DIST. RAIGAD","11521024001721","State License","Active","2023-03-18T03:54:13.736969+01:00","2025-11-18T16:22:57.736382+01:00","fssai"
"1717705","Manufacturer -  General Manufacturing","GANDHIGRAM KHADI AND VILLAGE INDUSTRIES PUBLIC CHARITABLE TRUST","Honey and Juice Unit,Ilayalvar Nagar,Gandhigram Work shop,Chettiyapatti po,Athoor tk,Dindigul","12414006000272","State License","Active","2023-03-18T12:28:13.982785+01:00","2025-11-18T16:23:41.407437+01:00","fssai"
"288086094","Manufacturer -  General Manufacturing","M/S D.R PUBLICITY","CHAKMAHMOOD OLD CITY BAREILLY","12724009000318","State License","Active","2024-07-24T14:14:29.004854+02:00","2025-11-18T16:26:22.596854+01:00","fssai"
"371171575","Trade_Retail - Wholesaler","M/S PUBLIC MEDICAL AGENCIES","MANAK CHAND S/O HIRA LAL KHETANOPP.GOVT.HOSPITAL, KHETAN MARKET, SUJANGARH","22220090000544","Registration","Active","2024-11-06T14:02:23.756297+01:00","2025-02-20T20:15:12.451974+01:00","fssai"
"5803229","Manufacturer -  General Manufacturing","GANDHIGRAM KHADI AND VILLAGE INDUSTRIES PUBLIC CHARITABLE TRUST","GANDHIGRAM KHADI AND VILLAGE INDUSTRIES PUBLIC CHARITABLE TRUST, GANDHIGRAM - 624302","12414006000275","State License","Active","2023-03-18T13:45:01.900948+01:00","2025-11-18T16:23:42.93946+01:00","fssai"
"1638067","Manufacturer -  General Manufacturing","SRISHTI PUBLIC CHARITABLE TRUST","Srishti public charitable Trust,The Deli-Confectionery Unit and Hot Kitchen,Nullathanni,Munnar ","11317006000088","State License","Active","2023-03-18T16:09:06.715279+01:00","2025-11-18T16:24:12.947007+01:00","fssai"
"1309384","Manufacturer -  General Manufacturing","SRISHTI - PUBLIC CHARITABLE TRUST","Strawberry Preserve Making Unit,Srishti Public Charitable Trust, XIII/482, Community Hall, Old Munnar Division, Letchmi Estate,Munnar","11317006000087","State License","Active","2023-03-18T02:54:32.536519+01:00","2025-11-18T16:25:49.372124+01:00","fssai"
"372739058","Trade_Retail - Distributor","SHRI BALAJI PUBLICITY","AASO MAI KI GALI","21423630000236","Registration","Active","2024-11-06T15:05:26.028626+01:00","2024-11-06T15:05:26.028626+01:00","fssai"
"372631533","Trade_Retail - Distributor","CENTRE FOR PUBLIC HEALTH AND FOOD SAFETY","165, GROUND FLOOR, BLOCK-A, POCKET-11, DDA JANTA FLATS, JASOLA,","23321010001735","Registration","Active","2024-11-06T15:03:38.988036+01:00","2024-11-06T15:03:38.988036+01:00","fssai"
"372670732","Trade_Retail - Distributor","M/S REACHOUT PUBLICITY    MR. JOSE SEBASTIAN ","FLAT  NO- 16 , AAKANSHA PH 2 , ROAD NO -13 M , TINGRE NAGAR , PUNE-411032","21522162000501","Registration","Active","2024-11-06T15:04:17.862255+01:00","2024-11-06T15:04:17.862255+01:00","fssai"
"372722838","Trade_Retail - Distributor","MAXIMIND PUBLICATION","H/63/3/145/124, SREEMA SARANI, WARD NO. 26","22823084000242","Registration","Active","2024-11-06T15:05:10.489132+01:00","2024-11-06T15:05:10.489132+01:00","fssai"
"372649682","Trade_Retail - Distributor","Murtuja Ali Mahemood Ali Food Public Supplies Shopkeeper","Rajendra Prasad Ward","21521252000502","Registration","Active","2024-11-06T15:03:56.684218+01:00","2024-11-06T15:03:56.684218+01:00","fssai"
"372790212","Trade_Retail - Distributor","PERFECT PUBLICITY","SHOP NO- 3 , VITHAL JADHAV HOUSE, N.B.CROSS ROAD , SOMWARI BAZAR, MALAD (WEST)","21521051000438","Registration","Active","2024-11-06T15:06:18.097758+01:00","2024-11-06T15:06:18.097758+01:00","fssai"
"6793978","Trade_Retail - Trader_Merchant - Exporter","KLA India Public Limited","2nd Mile Stone, Kiccha Road, Rudrapur                                                                                                                                                            ","10013012000239","Central License","Active","2023-03-15T19:25:26.259746+01:00","2024-11-06T15:08:19.155058+01:00","fssai"
"372791373","Trade_Retail - Distributor","P J JOY / PUBLIC DISTRIBUTION CENTRE","ARD-374, ERATTUPETTA","21324173000516","Registration","Active","2024-11-06T15:06:19.24772+01:00","2024-11-06T15:06:19.24772+01:00","fssai"
"372800863","Trade_Retail - Distributor","SHAMNA  SALIM KERALA  TRRGETED PUBLIC  DISTRIBUTION","KERALA  TRRGETED  PUBLICDISTRIBUTION SYSTEM  ARD 129","21324163000876","Registration","Active","2024-11-06T15:06:28.159758+01:00","2024-11-06T15:06:28.159758+01:00","fssai"
"4568866","Trade_Retail - Supplier","M/s- SUREKA PUBLICATIONS PVT. LTD., Mr. Nreepen Das (Director)","Gorolia, Near Sarusajai Stadium, N.H.-37, P.O.- Sawkuchi, P.S.- Basistha, Guwahati-781034","10320001000378","State License","Active","2023-03-16T14:59:16.285957+01:00","2024-11-06T15:17:16.917677+01:00","fssai"
"372906814","Trade_Retail - Storage (Cold _ Refrigerated)","Rotary Public School","Sector 22","20824005001071","Registration","Active","2024-11-06T15:11:45.898803+01:00","2024-11-06T15:11:45.898803+01:00","fssai"
"373216703","Trade_Retail - Storage (Controlled Atmosphere + Cold)","Rotary Public School","Sector 22","20824005001071","Registration","Active","2024-11-06T15:25:49.125228+01:00","2024-11-06T15:25:49.125228+01:00","fssai"
"373152274","Trade_Retail - Supplier","MALABAR PUBLIC KITCHEN / ABDUL SALAM M M","561/ Manjeri House, Muthoor P O, Thiruvalla ","21320151000580","Registration","Active","2024-11-06T15:23:11.243021+01:00","2024-11-06T15:23:11.243021+01:00","fssai"
"373181102","Trade_Retail - Supplier","MOHAMMAD SOHEB SIDDIQUI - PUBLIC DEPARTMENTAL STORE","SHOP NO 3 AND 4 INFRONT OF RAJ KAMAL HOTEL VINDHYA NAGAR ROAD WAIDHAN","21421430000175","Registration","Active","2024-11-06T15:23:40.626651+01:00","2024-11-06T15:23:40.626651+01:00","fssai"
"373146980","Trade_Retail - Supplier","D S PUBLIC SERVICES","PLOT NO 15/8 FLAT NO 2 JITENDRA IMMAGE ERANDWANA","21520182001257","Registration","Active","2024-11-06T15:23:04.889385+01:00","2024-11-06T15:23:04.889385+01:00","fssai"
"4345195","Trade_Retail - Storage (Controlled Atmosphere + Cold)","INTEGRATED PUBLIC SAFETY SYSTEMS PRIVATE LIMITED","(1)UNIT C, BLOCK NO. 796, OPP. HOTEL ALPHA, ASLAI, BY PASS ROAD, N.H.-8, ASLALI, AHMEDABAD-382427 (2)BLOCK NO. 816, 817, 818, 819 & 820, OPP. ALFA HOTEL, ASLALI, TA:DASKROI, AHMEDABAD-382427","10718002000146","State License","Active","2023-03-31T07:43:00.53958+02:00","2024-11-06T15:24:24.586426+01:00","fssai"
"369932912","Manufacturer -  General Manufacturing","M/S ICE AND RICE PUBLICK","C/o Jonab Ali S/o Abdul Kader, Charakpara, Dhakua.","20321104000084","Registration","Active","2024-11-06T13:04:24.327578+01:00","2025-01-28T05:49:25.097284+01:00","fssai"
"374203410","Trade_Retail - Retailer","M/S PUBLIC GENERAL STORE","20, AJAY NAGAR, KAMTA,CHINHAT, LUCKNOW.","12724066001281","State License","Active","2024-11-06T16:13:35.478108+01:00","2024-11-06T16:13:35.478108+01:00","fssai"
"369720685","Manufacturer -  General Manufacturing","M/S SHIVAM OIL PUBLIC WORKS PROP- RAKESH KUMAR S/O LATE TRILOKI NATH ","SARSAUL KANPUR NAGAR ","22720315001455","Registration","Active","2024-11-06T13:01:26.842862+01:00","2025-01-28T05:46:34.400334+01:00","fssai"
"7968659","Trade_Retail - Retailer","M/S SINGH AGENCIES PRO. NISHA SINGH W/O DHARMENDRA SINGH JPS PUBLIC SCHOOL WORD NO.20 848/KHA NEW RANA NAGAR RAEBARELI 229001","PRO. NISHA SINGH W/O DHARMENDRA SINGH  JPS PUBLIC SCHOOL WORD NO.20 848/KHA NEW RANA NAGAR RAEBARELI","12722071000292","State License","Active","2023-03-31T13:57:00.568805+02:00","2024-11-06T16:06:34.329062+01:00","fssai"
"369903163","Manufacturer -  General Manufacturing","YOGAM PUBLIC HEALTH AND VOLUNTARY SOCIAL SERVICE TRUST","3/422-A, Thilak Nagar, Iyerbunglow","22422570000430","Registration","Active","2024-11-06T13:04:00.188108+01:00","2025-01-28T05:49:02.123357+01:00","fssai"
"371274474","Trade_Retail - Wholesaler","viney katyal m/s public medical store","AMROHA GATE MORADABAD","22722716000067","Registration","Active","2024-11-06T14:03:58.353157+01:00","2025-02-20T20:16:41.281326+01:00","fssai"
"371182602","Trade_Retail - Wholesaler","D S PUBLIC SERVICES","PLOT NO 15/8 FLAT NO 2 JITENDRA IMMAGE ERANDWANA","21520182001257","Registration","Active","2024-11-06T14:02:34.120068+01:00","2025-02-20T20:15:21.613463+01:00","fssai"
"371203327","Trade_Retail - Wholesaler","M/S. PUBLIC MEDICAL AGENCY, WASEEM AHMAD KHAN S/O ABUSAAD AHMAD KHAN ","GOVIND PLAZA ASIFGANJ,PURANI KOTWALI AZAMGARH","22721848000027","Registration","Active","2024-11-06T14:02:53.414139+01:00","2025-02-20T20:15:40.109751+01:00","fssai"
"371245571","Trade_Retail - Wholesaler","PROP: JOGINDER PAUL TANDON /  PUBLIC MEDICO'S","JOGINDER PAUL TANDON S/O DES RAJ, B/L  DUSSEHRA GROUND, MOGA, TEH & DISTT MOGA","22121030000403","Registration","Active","2024-11-06T14:03:32.277985+01:00","2025-02-20T20:16:16.485143+01:00","fssai"
"369973637","Manufacturer -  General Manufacturing","M/S. SREE GURU PUBLIC GHANI","(PUBLIC GHANI), PRO. BAIDYANATH SAHA, VILL-DEBAGRAM, P.O - DEBAGRAM, P.S - KALIGANJ","22823120000203","Registration","Active","2024-11-06T13:04:56.854296+01:00","2025-01-28T05:49:58.984683+01:00","fssai"
"369984894","Manufacturer -  General Manufacturing","SR PUBLIC SERVICE CENTRE","4-50","23623023000805","Registration","Active","2024-11-06T13:05:06.221379+01:00","2025-01-28T05:50:08.700364+01:00","fssai"
"369986833","Manufacturer -  General Manufacturing","Navaprabhat public charitable trust","Navaprabhat Kanya Gurukul","22023026000527","Registration","Active","2024-11-06T13:05:07.889003+01:00","2025-01-28T05:50:10.312212+01:00","fssai"
"371344452","Trade_Retail - Wholesaler","M/S NEW PUBLIC MEDICAL AGENCY / SMT BANDANA SRIVASTAVA ","PANDEYPUR HANUMANT NAGAR","22723234000260","Registration","Active","2024-11-06T14:05:01.404248+01:00","2025-02-20T20:17:40.40387+01:00","fssai"
"371287595","Trade_Retail - Wholesaler","M/S PUBLIC MEDICAL STORE, PROP-SAMSUDDIN AHMAD S/O MOHAMMAD ALI","BRD MEDICAL COLLEGE GATE, POJUNGIA BAZAR, PS-CHILUATAL","22722625000157","Registration","Active","2024-11-06T14:04:09.245496+01:00","2025-02-20T20:16:52.217568+01:00","fssai"
"371289202","Trade_Retail - Wholesaler","M/S PUBLIC MEDICAL STORE, PROP GULAM SARWAR HASMI S/O MUHAMMAD ALI","HEWATI BAZAR SISWA BAZAR ","22722283000621","Registration","Active","2024-11-06T14:04:10.689197+01:00","2025-02-20T20:16:53.531241+01:00","fssai"
"371357609","Trade_Retail - Wholesaler","JAGDISH SINGH YADAV S/O NETRAPAL SINGH R/O MADHAV VIHAR COLONY, NEAR GAGAN PUBLIC SCHOOL, AGRA ROAD","M/S YADAV MEDICAL AGENCIES SITUATED AT NAURANGABAD, ALIGARH","22722706000258","Registration","Active","2024-11-06T14:05:13.269137+01:00","2025-02-20T20:17:51.52931+01:00","fssai"
"371465609","Trade_Retail - Food Vending Agencies","FATEH PUBLIC SCHOOL","RAMCHARAN S/O JAGDISH FATEH PUBLIC SCHOOL CAMPUS RANTHMBHORE ROAD SAWAI MADHOPUR","22221044001025","Registration","Active","2024-11-06T14:08:31.525614+01:00","2025-02-22T09:30:21.218019+01:00","fssai"
"376632711","Trade_Retail - Wholesaler","AMIT SHARMA C/O JODHANA PUBLICITY","74, JOG MAYA COLONY, BHAGAT KI KOTHI","22224074004131","Registration","Active","2025-02-20T20:19:01.042776+01:00","2025-02-20T20:19:01.042776+01:00","fssai"
"371482599","Trade_Retail - Food Vending Agencies","GAGAN PUBLIC  SEVA SAMITI BARI","KRISHNA COLONY , SANTNAGAR ROAD BARI , DHOLPUR PROP. TARA CHAND S/O MR, MANPAL","22224107000381","Registration","Active","2024-11-06T14:08:46.347212+01:00","2025-02-22T09:30:40.400557+01:00","fssai"
"371485852","Trade_Retail - Food Vending Agencies","SHWETA SINGH W/O VINAY PRATAP SINGHH CHAUHAN (delhi public school canteen)","AKRAMPUR UNNAO ","22724919000134","Registration","Active","2024-11-06T14:08:49.062294+01:00","2025-02-22T09:30:43.809794+01:00","fssai"
"371482832","Trade_Retail - Food Vending Agencies","Rotary Public School","Sector 22","20824005001071","Registration","Active","2024-11-06T14:08:46.516702+01:00","2025-02-22T09:30:40.638713+01:00","fssai"
"371694805","Trade_Retail - Storage (Except Controlled Atmosphere and Cold)","Rotary Public School","Sector 22","20824005001071","Registration","Active","2024-11-06T14:19:07.405683+01:00","2025-02-27T01:44:09.87858+01:00","fssai"
"6715391","Trade_Retail - Storage (Except Controlled Atmosphere and Cold)","M/S PADMAVATI AGENCIES PROP- PRASHANT JAIN S/O PRAMOD KUMAR JAIN R/O NEAR HOLY PUBLIC SCHOOL SIKANDRA AGRA","NEAR FCI GODOWN G T ROAD ETAH","12721059000008","State License","Active","2023-03-31T09:14:39.4005+02:00","2025-02-25T12:52:15.780471+01:00","fssai"
"376924276","Trade_Retail - Storage (Except Controlled Atmosphere and Cold)","SYED HADI HUSSAIN C/O HADI PUBLIC ENTERPRISES","17-3-648, Yakutpura, Hyderabad","23624034002681","Registration","Active","2025-02-27T01:44:13.783503+01:00","2025-02-27T01:44:13.783503+01:00","fssai"
"7768816","Trade_Retail - Transportation (having a number of specialized vehicles like insulated refrigerated van_ wagon and milk tankers etc)","ECONOMIC PUBLICITY","BARASAT,2293/8 BHATRA PALLY ROAD,WARD NO-10","12818013000107","State License","Active","2023-03-23T00:46:00.948148+01:00","2025-02-27T08:23:35.072302+01:00","fssai"